-- phpMyAdmin SQL Dump
-- version 4.9.0.1
-- https://www.phpmyadmin.net/
--
-- Host: localhost
-- Generation Time: Dec 18, 2020 at 05:31 AM
-- Server version: 10.4.6-MariaDB
-- PHP Version: 7.2.21

SET SQL_MODE = "NO_AUTO_VALUE_ON_ZERO";
SET AUTOCOMMIT = 0;
START TRANSACTION;
SET time_zone = "+00:00";


/*!40101 SET @OLD_CHARACTER_SET_CLIENT=@@CHARACTER_SET_CLIENT */;
/*!40101 SET @OLD_CHARACTER_SET_RESULTS=@@CHARACTER_SET_RESULTS */;
/*!40101 SET @OLD_COLLATION_CONNECTION=@@COLLATION_CONNECTION */;
/*!40101 SET NAMES utf8mb4 */;

--
-- Database: `erp_db`
--

-- --------------------------------------------------------

--
-- Table structure for table `agenda`
--

CREATE TABLE `agenda` (
  `agenda_id` int(11) NOT NULL,
  `agenda_user_id` int(11) NOT NULL,
  `agenda_controller_name` char(255) NOT NULL,
  `agenda_action_name` char(255) NOT NULL,
  `agenda_action_param` char(255) NOT NULL,
  `agenda_run_at` int(11) NOT NULL DEFAULT 0,
  `agenda_last_run_at` int(11) NOT NULL DEFAULT 0,
  `agenda_last_run_status` char(20) NOT NULL DEFAULT '',
  `agenda_last_run_note` char(255) NOT NULL DEFAULT ''
) ENGINE=InnoDB DEFAULT CHARSET=utf8;

--
-- Dumping data for table `agenda`
--

INSERT INTO `agenda` (`agenda_id`, `agenda_user_id`, `agenda_controller_name`, `agenda_action_name`, `agenda_action_param`, `agenda_run_at`, `agenda_last_run_at`, `agenda_last_run_status`, `agenda_last_run_note`) VALUES
(6, 1, 'companyController.php', 'test', 'a=1&b=4', 1605193190, 1605193196, 'Unknown', 'no result'),
(7, 1, 'companyController.php', 'test', 'a=1&b=4', 1605204765, 0, '', '');

-- --------------------------------------------------------

--
-- Table structure for table `billing_address`
--

CREATE TABLE `billing_address` (
  `billing_address_id` int(11) NOT NULL,
  `billing_address_user_id` int(11) NOT NULL,
  `billing_address_first_name` char(100) NOT NULL DEFAULT '',
  `billing_address_last_name` char(100) NOT NULL DEFAULT '',
  `billing_address_address` char(255) NOT NULL DEFAULT '',
  `billing_address_city` char(100) NOT NULL DEFAULT '',
  `billing_address_province` char(100) NOT NULL DEFAULT '',
  `billing_address_postal_code` char(100) NOT NULL DEFAULT '',
  `billing_address_country` char(100) NOT NULL DEFAULT '',
  `billing_address_phone_number` char(20) NOT NULL DEFAULT '',
  `billing_address_phone_number_ext` char(10) NOT NULL DEFAULT ''
) ENGINE=InnoDB DEFAULT CHARSET=utf8;

--
-- Dumping data for table `billing_address`
--

INSERT INTO `billing_address` (`billing_address_id`, `billing_address_user_id`, `billing_address_first_name`, `billing_address_last_name`, `billing_address_address`, `billing_address_city`, `billing_address_province`, `billing_address_postal_code`, `billing_address_country`, `billing_address_phone_number`, `billing_address_phone_number_ext`) VALUES
(5, 1, 'zhang', 'jiyu', '41 Copperstone Crescent', 'Richmond Hill', 'ON', 'L4S 2C5', 'Canada', '6477734213', ''),
(6, 1, 'jiyu', 'zhang', '41 Copperstone Crescent', 'Richmond Hill', 'ON', 'L4S 2C5', 'Canada', '6477734213', '123'),
(7, 1, 'jiyu', 'zhang', '41 Copperstone Crescent', 'Richmond Hill', 'ON', 'L4S 2C5', 'Canada', '6477734213', ''),
(8, 1, 'jiyu', 'zhang', '41 Copperstone Crescent', 'Richmond Hill', 'ON', 'L4S 2C5', 'Canada', '6477734213', ''),
(9, 1, 'jiyu', 'zhang', '41 Copperstone Crescent', 'Richmond Hill', 'ON', 'L4S 2C5', 'Canada', '6477734213', ''),
(10, 1, 'jiyu', 'zhang', '41 Copperstone Crescent', 'Richmond Hill', 'ON', 'L4S 2C5', 'Canada', '6477734213', ''),
(11, 1, '13123', '123123', '123123123', '123123', '123', '1321', 'Canada', '13123', ''),
(12, 1, 'ccc', 'ccc', 'ccccc', 'ccc', '31', '13', 'United States', 'cccc', ''),
(13, 1, 'sdfsdf', 'sfsdfsd', '12312312', 'sdfsdf', '12312', '123123', 'Canada', 'dsfsdf', ''),
(14, 1, 'jiyu', 'zhang', '41 Copperstone Crescent', 'Richmond Hill', 'ON', 'L4S 2C5', 'Canada', '6477734213', ''),
(15, 1, 'jiyu', 'zhang', '41 Copperstone Crescent', 'Richmond Hill', 'ON', 'L4S 2C5', 'Canada', '6477734213', ''),
(20, 12, 'jiyu', 'zhang', '41 Copperstone Crescent', 'Richmond Hill', 'ON', 'L4S 2C5', 'Canada', '6477734213', '');

-- --------------------------------------------------------

--
-- Table structure for table `company`
--

CREATE TABLE `company` (
  `company_id` int(11) NOT NULL,
  `company_name` char(150) NOT NULL,
  `company_country` char(50) NOT NULL,
  `company_owner_name` char(150) NOT NULL,
  `company_business_number` char(24) NOT NULL,
  `company_startup_year` char(4) NOT NULL DEFAULT '',
  `company_type` char(100) NOT NULL DEFAULT '',
  `company_role` char(100) NOT NULL DEFAULT '',
  `company_license_file` char(150) NOT NULL DEFAULT ''
) ENGINE=InnoDB DEFAULT CHARSET=utf8;

--
-- Dumping data for table `company`
--

INSERT INTO `company` (`company_id`, `company_name`, `company_country`, `company_owner_name`, `company_business_number`, `company_startup_year`, `company_type`, `company_role`, `company_license_file`) VALUES
(1, 'Woodworth Cabinetry - De-valor International Co. Ltd', 'Canada', 'Felix', '9056708787', '2018', '', '', ''),
(2, 'ZLite', 'Canada', 'Li', '123456', '2019', 'Sole Proprietorship', 'Retailer', ''),
(4, 'Home Master Kitchen Cabinets&Renovation', 'Canada', 'Jiashu', '000', '2019', 'Partnership', 'Dealer', ''),
(5, 'J.N.L. KITCHEN CABINETS& GRANITE COUNTERTOP CO.', 'Canada', 'Who', '000', '', '', '', ''),
(6, 'En Home Cabinetry', 'Canada', 'Michael zhang', '000', '', '', '', ''),
(7, 'FLEXIBLE INTERNATIONAL INC.', 'Canada', 'Cody', '000', '', '', '', ''),
(8, 'HOME WONDERLAND KITCHEN AND BATH', 'Canada', 'Wang', '000', '', '', '', ''),
(9, 'Proway Homes', 'Canada', 'Leo chen', '000', '', '', '', ''),
(10, '12065029 Canada Inc.', 'Canada', 'Shen li', '12065029', '', '', '', ''),
(11, 'VALENTINI KITCHENS', 'Canada', 'Who', '000', '', '', '', ''),
(12, 'Winca Building Supplies', 'Canada', 'Who', '000', '', '', '', ''),
(13, 'ARCHIMAT INC', 'Canada', 'Charles nassif', '000', '', '', '', ''),
(14, 'Windsor Mr. Xu', 'Canada', 'Mark xu', '000', '', '', '', ''),
(15, 'AN KITCHEN&bath', 'Canada', 'Who', '000', '', '', '', ''),
(16, 'GOOD SERVICE COUNTERTOPS', 'Canada', 'Who', '000', '', '', '', ''),
(17, 'GTA Kitchen Remodeling Inc.', 'Canada', 'Who', '000', '', '', '', ''),
(18, 'Red Brick  Kitchens&Bath', 'Canada', 'Gwen menezes', '862043742', '2018', 'Sole Proprietorship', 'Dealer with showroom', '');

-- --------------------------------------------------------

--
-- Table structure for table `company_location`
--

CREATE TABLE `company_location` (
  `company_location_id` int(11) NOT NULL,
  `company_location_company_id` int(11) NOT NULL,
  `company_location_is_head_office` tinyint(1) NOT NULL DEFAULT 1,
  `company_location_country` char(50) NOT NULL,
  `company_location_province` char(50) NOT NULL,
  `company_location_city` char(100) NOT NULL,
  `company_location_address` char(255) NOT NULL,
  `company_location_post_code` char(6) NOT NULL,
  `company_location_phone` char(15) NOT NULL DEFAULT '',
  `company_location_email` char(150) NOT NULL DEFAULT '',
  `company_location_fax` char(15) NOT NULL DEFAULT '',
  `company_location_website` char(255) NOT NULL DEFAULT ''
) ENGINE=InnoDB DEFAULT CHARSET=utf8;

--
-- Dumping data for table `company_location`
--

INSERT INTO `company_location` (`company_location_id`, `company_location_company_id`, `company_location_is_head_office`, `company_location_country`, `company_location_province`, `company_location_city`, `company_location_address`, `company_location_post_code`, `company_location_phone`, `company_location_email`, `company_location_fax`, `company_location_website`) VALUES
(1, 1, 1, 'Canada', 'On', 'Mississauga', '854 westport cres.', 'L5T1N5', '9056708787', 'info@woodworthcabinetry.com', '', 'woodworthcabinetry.com'),
(2, 2, 1, 'Canada', 'On', 'Woodbridge', '4220 steeles ave w a8', 'L4L3S8', '6473099336', '', '', ''),
(4, 4, 1, 'Canada', 'Ontario', 'Markham', '15-290 yorktech dr.', 'L6G0A7', '4372391322', '', '', ''),
(5, 5, 1, 'Canada', 'Ontario', 'Ajax', '115 mills rd.', 'L1S2H2', '6478988158', '', '', ''),
(6, 6, 1, 'Canada', 'Ontario', 'Richmond hill', '89 granton dr.', 'L4B2N5', '9057713639', '', '', ''),
(7, 7, 1, 'Canada', 'Ontario', 'Pickering', '1483 fieldlight blvd.', 'L1V2S3', '6476289793', '', '', ''),
(8, 8, 1, 'Canada', 'Ontario', 'Mississauga', '1515 britannia rd e', 'L4W4K1', '(905) 795-8858', '', '', ''),
(9, 9, 1, 'Canada', 'Ontario', 'Markham', '145 konrad crescent', 'L3R9T9', '4168805866', '', '', ''),
(10, 10, 1, 'Canada', 'Ontraio', 'London', '1889 cedarpark drive,', 'N5X0J1', '6478180080', '', '', ''),
(11, 11, 1, 'Canada', 'Ontario', 'York', '925 weston rd,', 'M6N3R4', '(416) 722-7198', '', '', ''),
(12, 12, 1, 'Canada', 'Ontario', 'Mississauga', '3069 wolfedale rd unit 2', 'L5C1V9', '(905) 615-0888', '', '', ''),
(13, 13, 1, 'Canada', 'Quebec', 'Laval', '2205 industriel blvd.', 'H7S1P8', '514 241 4250', '', '', ''),
(14, 15, 1, 'Canada', 'Ontario', 'Mississauga', '5602 tenth line west,', 'L5M7L9', '416 305 6537', 'izkitchenbath@gmail.com', '', ''),
(15, 16, 1, 'Canada', 'Ontario', 'Mississauga', '5266 general rd. unit 11,', 'L4W1Z8', '', '', '', ''),
(16, 18, 1, 'Canada', 'Ontario', 'Elmvale', '54 queen st w po box 3054', 'L0L1P0', '7055150133', 'Design@redbrickkitchens.com', '', 'www.redbrickkitchens.com');

-- --------------------------------------------------------

--
-- Table structure for table `file`
--

CREATE TABLE `file` (
  `file_id` int(11) UNSIGNED NOT NULL,
  `file_type` char(10) COLLATE utf8mb4_unicode_ci NOT NULL DEFAULT 'img',
  `file_url` char(155) COLLATE utf8mb4_unicode_ci NOT NULL,
  `file_original_url` char(155) COLLATE utf8mb4_unicode_ci NOT NULL DEFAULT '',
  `file_height` int(5) UNSIGNED NOT NULL DEFAULT 0,
  `file_width` int(5) UNSIGNED NOT NULL DEFAULT 0,
  `file_section_name` char(30) COLLATE utf8mb4_unicode_ci NOT NULL,
  `file_section_id` int(11) UNSIGNED NOT NULL,
  `file_post_time` datetime NOT NULL DEFAULT current_timestamp(),
  `file_status` tinyint(4) NOT NULL DEFAULT 1
) ENGINE=InnoDB DEFAULT CHARSET=utf8mb4 COLLATE=utf8mb4_unicode_ci;

-- --------------------------------------------------------

--
-- Table structure for table `inventory`
--

CREATE TABLE `inventory` (
  `inventory_id` int(11) NOT NULL,
  `inventory_item_id` int(11) NOT NULL,
  `inventory_count` int(11) NOT NULL DEFAULT 0
) ENGINE=InnoDB DEFAULT CHARSET=utf8;

--
-- Dumping data for table `inventory`
--

INSERT INTO `inventory` (`inventory_id`, `inventory_item_id`, `inventory_count`) VALUES
(1, 18, 19),
(2, 13, 42),
(3, 9, 0),
(4, 227, 0),
(5, 220, 0),
(6, 221, 0),
(7, 222, 0),
(8, 223, 0),
(9, 224, 0),
(10, 225, 0),
(11, 1002, 0),
(12, 1006, 0),
(13, 1007, 0),
(14, 25, 20),
(15, 20, 42),
(16, 21, 37),
(17, 26, 12),
(18, 27, 96),
(19, 28, 90),
(20, 29, 64),
(21, 30, 23),
(22, 32, 20),
(23, 34, 20),
(24, 82, 20),
(25, 85, 42),
(26, 86, 40),
(27, 98, 38),
(28, 107, 40),
(29, 108, 6),
(30, 87, 20),
(31, 88, 30),
(32, 89, 20),
(33, 90, 12),
(34, 91, 20),
(35, 99, 12),
(36, 100, 44),
(37, 102, 20),
(38, 103, 20),
(39, 111, 23),
(40, 112, 39),
(41, 114, 20),
(42, 63, 50),
(43, 71, 50),
(44, 79, 50),
(45, 67, 2),
(46, 72, 6),
(47, 80, 6),
(48, 119, 17),
(49, 121, 20),
(50, 232, 15),
(51, 233, 17),
(52, 234, 23),
(53, 235, 14),
(54, 236, 8),
(55, 237, 20),
(56, 238, 5),
(57, 239, 16),
(58, 240, 24),
(59, 230, 12),
(60, 231, 13),
(61, 246, 11),
(62, 247, 0),
(63, 248, 26),
(64, 249, 17),
(65, 250, 13),
(66, 251, 15),
(67, 252, 22),
(68, 253, 20),
(69, 254, 22),
(70, 243, 13),
(71, 244, 15),
(72, 245, 23),
(73, 256, 17),
(74, 258, 19),
(75, 306, 16),
(76, 307, 18),
(77, 308, 24),
(78, 309, 28),
(79, 310, 23),
(80, 318, 20),
(81, 319, 15),
(82, 320, 23),
(83, 321, 27),
(84, 322, 28),
(85, 330, 18),
(86, 331, 19),
(87, 332, 29),
(88, 333, 28),
(89, 334, 29),
(90, 311, 16),
(91, 312, 18),
(92, 313, 3),
(93, 314, 12),
(94, 315, 15),
(95, 323, 23),
(96, 324, 20),
(97, 325, 17),
(98, 326, 16),
(99, 327, 20),
(100, 335, 29),
(101, 336, 20),
(102, 337, 20),
(103, 338, 20),
(104, 339, 20),
(105, 266, 16),
(106, 278, 18),
(107, 285, 8),
(108, 299, 17),
(109, 279, 19),
(110, 287, 16),
(111, 302, 16),
(112, 288, 19),
(113, 303, 30),
(114, 290, 17),
(115, 305, 19),
(116, 343, 15),
(117, 344, 17),
(118, 345, 20),
(119, 347, 20),
(120, 351, 16),
(121, 355, 19),
(122, 348, 18),
(123, 352, 18),
(124, 356, 17),
(125, 358, 20),
(126, 359, 20),
(127, 360, 20),
(128, 575, 18),
(129, 576, 14),
(130, 577, 18),
(131, 578, 20),
(132, 579, 8),
(133, 580, 20),
(134, 581, 5),
(135, 582, 16),
(136, 583, 24),
(137, 574, 15),
(138, 584, 20),
(139, 585, 20),
(140, 586, 20),
(141, 587, 18),
(142, 588, 20),
(143, 589, 19),
(144, 590, 16),
(145, 591, 20),
(146, 592, 18),
(147, 611, 18),
(148, 613, 19),
(149, 640, 19),
(150, 641, 19),
(151, 642, 18),
(152, 643, 20),
(153, 644, 17),
(154, 652, 20),
(155, 653, 20),
(156, 654, 19),
(157, 655, 18),
(158, 656, 19),
(159, 664, 19),
(160, 665, 20),
(161, 666, 19),
(162, 667, 20),
(163, 668, 20),
(164, 645, 19),
(165, 646, 19),
(166, 647, 13),
(167, 648, 20),
(168, 649, 20),
(169, 657, 19),
(170, 658, 20),
(171, 659, 19),
(172, 660, 19),
(173, 661, 20),
(174, 669, 19),
(175, 670, 20),
(176, 671, 20),
(177, 672, 20),
(178, 673, 20),
(179, 685, 9),
(180, 688, 9),
(181, 691, 10),
(182, 621, 20),
(183, 624, 18),
(184, 629, 14),
(185, 637, 20),
(186, 625, 20),
(187, 630, 19),
(188, 638, 20),
(189, 677, 13),
(190, 678, 14),
(191, 679, 15),
(192, 709, 9),
(193, 710, 9),
(194, 704, 10),
(195, 705, 9),
(196, 706, 10),
(197, 681, 10),
(198, 682, 10),
(199, 693, 10),
(200, 697, 10),
(201, 701, 9),
(202, 694, 10),
(203, 698, 10),
(204, 702, 7),
(205, 593, 19),
(206, 594, 19),
(207, 602, 19),
(208, 606, 17),
(209, 788, 18),
(210, 789, 12),
(211, 790, 15),
(212, 791, 14),
(213, 792, 17),
(214, 794, 1),
(215, 795, 18),
(216, 796, 14),
(217, 787, 10),
(218, 797, 16),
(219, 798, 17),
(220, 799, 18),
(221, 800, 19),
(222, 801, 18),
(223, 802, 16),
(224, 803, 16),
(225, 804, 20),
(226, 805, 14),
(227, 824, 19),
(228, 826, 10),
(229, 853, 17),
(230, 854, 19),
(231, 855, 16),
(232, 856, 19),
(233, 857, 19),
(234, 865, 20),
(235, 866, 13),
(236, 867, 14),
(237, 868, 19),
(238, 869, 19),
(239, 877, 20),
(240, 878, 20),
(241, 879, 20),
(242, 880, 18),
(243, 881, 19),
(244, 858, 18),
(245, 859, 19),
(246, 860, 12),
(247, 861, 19),
(248, 862, 15),
(249, 870, 16),
(250, 871, 20),
(251, 872, 18),
(252, 873, 17),
(253, 874, 20),
(254, 883, 19),
(255, 884, 20),
(256, 897, 5),
(257, 900, 8),
(258, 903, 10),
(259, 834, 16),
(260, 837, 20),
(261, 842, 14),
(262, 850, 14),
(263, 838, 20),
(264, 843, 20),
(265, 851, 20),
(266, 889, 14),
(267, 890, 13),
(268, 891, 15),
(269, 921, 9),
(270, 922, 9),
(271, 916, 9),
(272, 917, 4),
(273, 918, 9),
(274, 893, 10),
(275, 894, 10),
(276, 906, 6),
(277, 910, 8),
(278, 914, 9),
(279, 905, 10),
(280, 909, 6),
(281, 913, 10),
(282, 806, 17),
(283, 807, 19),
(284, 815, 19),
(285, 819, 19),
(286, 83, 12432);

-- --------------------------------------------------------

--
-- Table structure for table `inventory_log`
--

CREATE TABLE `inventory_log` (
  `inventory_log_id` int(11) NOT NULL,
  `inventory_log_warehouse_id` int(11) NOT NULL,
  `inventory_log_operator_id` int(11) NOT NULL,
  `inventory_log_deliver_id` int(11) NOT NULL,
  `inventory_log_type` char(10) NOT NULL COMMENT '1:in, 0:out',
  `inventory_log_time` datetime NOT NULL DEFAULT current_timestamp(),
  `inventory_log_note` text DEFAULT NULL
) ENGINE=InnoDB DEFAULT CHARSET=utf8;

--
-- Dumping data for table `inventory_log`
--

INSERT INTO `inventory_log` (`inventory_log_id`, `inventory_log_warehouse_id`, `inventory_log_operator_id`, `inventory_log_deliver_id`, `inventory_log_type`, `inventory_log_time`, `inventory_log_note`) VALUES
(1, 1, 1, 2, 'in', '2020-05-05 16:35:59', 'GOODb123'),
(2, 1, 1, 0, 'in', '2020-05-07 14:01:38', ''),
(3, 1, 1, 0, 'out', '2020-05-21 06:42:36', ''),
(4, 1, 1, 0, 'out', '2020-05-21 06:42:50', ''),
(5, 1, 1, 0, 'out', '2020-05-21 06:42:58', ''),
(6, 1, 1, 0, 'out', '2020-05-21 06:43:16', ''),
(7, 2, 1, 0, 'in', '2020-06-01 07:25:56', ''),
(8, 2, 1, 0, 'in', '2020-06-01 07:30:21', ''),
(9, 2, 1, 0, 'out', '2020-06-01 07:34:12', ''),
(10, 2, 1, 0, 'in', '2020-06-17 06:37:08', ''),
(11, 2, 1, 0, 'in', '2020-06-17 09:07:51', ''),
(12, 2, 1, 0, 'in', '2020-06-17 09:08:25', ''),
(13, 1, 1, 0, 'in', '2020-06-17 09:13:41', ''),
(14, 1, 1, 0, 'in', '2020-06-17 09:13:51', ''),
(15, 1, 1, 0, 'out', '2020-06-17 09:14:06', ''),
(16, 2, 1, 0, 'out', '2020-06-17 09:16:42', ''),
(17, 2, 1, 0, 'out', '2020-06-17 11:25:35', ''),
(18, 2, 1, 0, 'out', '2020-06-17 11:25:42', ''),
(19, 2, 1, 0, 'out', '2020-06-17 11:25:49', ''),
(20, 2, 1, 0, 'out', '2020-06-17 11:25:57', ''),
(21, 2, 1, 0, 'out', '2020-06-17 11:26:03', ''),
(22, 2, 1, 0, 'out', '2020-06-17 11:26:10', ''),
(23, 2, 1, 0, 'out', '2020-06-17 11:26:21', ''),
(24, 1, 1, 0, 'out', '2020-06-17 12:13:03', ''),
(25, 2, 1, 0, 'in', '2020-06-19 09:03:58', 'SHAKER WHITE SEPERATE BOXING -- FRAME QTY'),
(26, 2, 1, 0, 'in', '2020-06-19 09:33:43', 'BOX INVENTORY'),
(27, 2, 1, 0, 'in', '2020-06-19 10:32:57', ''),
(28, 2, 1, 0, 'in', '2020-06-19 11:15:11', ''),
(29, 2, 1, 0, 'in', '2020-06-19 12:08:31', ''),
(30, 2, 1, 0, 'in', '2020-10-13 01:05:36', ''),
(31, 2, 1, 0, 'in', '2020-10-13 01:06:24', ''),
(32, 2, 1, 0, 'out', '2020-10-13 01:07:25', '');

-- --------------------------------------------------------

--
-- Table structure for table `inventory_warehouse`
--

CREATE TABLE `inventory_warehouse` (
  `inventory_warehouse_id` int(11) NOT NULL,
  `inventory_warehouse_warehouse_id` int(11) NOT NULL,
  `inventory_warehouse_item_id` int(11) NOT NULL,
  `inventory_warehouse_aisle` char(10) NOT NULL DEFAULT '',
  `inventory_warehouse_column` char(10) NOT NULL DEFAULT '',
  `inventory_warehouse_count` int(11) NOT NULL DEFAULT 0
) ENGINE=InnoDB DEFAULT CHARSET=utf8;

--
-- Dumping data for table `inventory_warehouse`
--

INSERT INTO `inventory_warehouse` (`inventory_warehouse_id`, `inventory_warehouse_warehouse_id`, `inventory_warehouse_item_id`, `inventory_warehouse_aisle`, `inventory_warehouse_column`, `inventory_warehouse_count`) VALUES
(18, 2, 9, '0', '0', 0),
(19, 2, 13, '0', '0', 42),
(20, 2, 1007, '0', '0', 0),
(21, 2, 1006, '0', '0', 0),
(22, 2, 1005, '0', '0', 0),
(23, 2, 1004, '0', '0', 0),
(24, 2, 1003, '0', '0', 0),
(25, 2, 1002, '0', '0', 0),
(26, 2, 1001, '0', '0', 0),
(27, 2, 1000, '0', '0', 0),
(28, 2, 999, '0', '0', 0),
(29, 2, 998, '0', '0', 0),
(30, 2, 997, '0', '0', 0),
(31, 2, 996, '0', '0', 0),
(32, 2, 995, '0', '0', 0),
(33, 2, 994, '0', '0', 0),
(34, 2, 993, '0', '0', 0),
(35, 2, 992, '0', '0', 0),
(36, 2, 991, '0', '0', 0),
(37, 2, 990, '0', '0', 0),
(38, 2, 989, '0', '0', 0),
(39, 2, 988, '0', '0', 0),
(40, 2, 987, '0', '0', 0),
(41, 2, 986, '0', '0', 0),
(42, 2, 985, '0', '0', 0),
(43, 2, 984, '0', '0', 0),
(44, 2, 983, '0', '0', 0),
(45, 2, 982, '0', '0', 0),
(46, 2, 981, '0', '0', 0),
(47, 2, 980, '0', '0', 0),
(48, 2, 979, '0', '0', 0),
(49, 2, 978, '0', '0', 0),
(50, 2, 977, '0', '0', 0),
(51, 2, 976, '0', '0', 0),
(52, 2, 975, '0', '0', 0),
(53, 2, 974, '0', '0', 0),
(54, 2, 973, '0', '0', 0),
(55, 2, 972, '0', '0', 0),
(56, 2, 971, '0', '0', 0),
(57, 2, 970, '0', '0', 0),
(58, 2, 969, '0', '0', 0),
(59, 2, 968, '0', '0', 0),
(60, 2, 967, '0', '0', 0),
(61, 2, 966, '0', '0', 0),
(62, 2, 965, '0', '0', 0),
(63, 2, 964, '0', '0', 0),
(64, 2, 963, '0', '0', 0),
(65, 2, 962, '0', '0', 0),
(66, 2, 961, '0', '0', 0),
(67, 2, 960, '0', '0', 0),
(68, 2, 959, '0', '0', 0),
(69, 2, 958, '0', '0', 0),
(70, 2, 957, '0', '0', 0),
(71, 2, 956, '0', '0', 0),
(72, 2, 955, '0', '0', 0),
(73, 2, 954, '0', '0', 0),
(74, 2, 953, '0', '0', 0),
(75, 2, 952, '0', '0', 0),
(76, 2, 951, '0', '0', 0),
(77, 2, 950, '0', '0', 0),
(78, 2, 949, '0', '0', 0),
(79, 2, 948, '0', '0', 0),
(80, 2, 947, '0', '0', 0),
(81, 2, 946, '0', '0', 0),
(82, 2, 945, '0', '0', 0),
(83, 2, 944, '0', '0', 0),
(84, 2, 943, '0', '0', 0),
(85, 2, 942, '0', '0', 0),
(86, 2, 941, '0', '0', 0),
(87, 2, 940, '0', '0', 0),
(88, 2, 939, '0', '0', 0),
(89, 2, 938, '0', '0', 0),
(90, 2, 937, '0', '0', 0),
(91, 2, 936, '0', '0', 0),
(92, 2, 935, '0', '0', 0),
(93, 2, 934, '0', '0', 0),
(94, 2, 933, '0', '0', 0),
(95, 2, 932, '0', '0', 0),
(96, 2, 931, '0', '0', 0),
(97, 2, 930, '0', '0', 0),
(98, 2, 929, '0', '0', 0),
(99, 2, 928, '0', '0', 0),
(100, 2, 927, '0', '0', 0),
(101, 2, 926, '0', '0', 0),
(102, 2, 925, '0', '0', 0),
(103, 2, 924, '0', '0', 0),
(104, 2, 923, '0', '0', 0),
(105, 2, 922, '0', '0', 9),
(106, 2, 921, '0', '0', 9),
(107, 2, 920, '0', '0', 0),
(108, 2, 919, '0', '0', 0),
(109, 2, 918, '0', '0', 9),
(110, 2, 917, '0', '0', 4),
(111, 2, 916, '0', '0', 9),
(112, 2, 915, '0', '0', 0),
(113, 2, 914, '0', '0', 9),
(114, 2, 913, '0', '0', 10),
(115, 2, 912, '0', '0', 0),
(116, 2, 911, '0', '0', 0),
(117, 2, 910, '0', '0', 8),
(118, 2, 909, '0', '0', 6),
(119, 2, 908, '0', '0', 0),
(120, 2, 907, '0', '0', 0),
(121, 2, 906, '0', '0', 6),
(122, 2, 905, '0', '0', 10),
(123, 2, 904, '0', '0', 0),
(124, 2, 903, '0', '0', 10),
(125, 2, 902, '0', '0', 0),
(126, 2, 901, '0', '0', 0),
(127, 2, 900, '0', '0', 8),
(128, 2, 899, '0', '0', 0),
(129, 2, 898, '0', '0', 0),
(130, 2, 897, '0', '0', 5),
(131, 2, 896, '0', '0', 0),
(132, 2, 895, '0', '0', 0),
(133, 2, 894, '0', '0', 10),
(134, 2, 893, '0', '0', 10),
(135, 2, 892, '0', '0', 0),
(136, 2, 891, '0', '0', 15),
(137, 2, 890, '0', '0', 13),
(138, 2, 889, '0', '0', 14),
(139, 2, 888, '0', '0', 0),
(140, 2, 887, '0', '0', 0),
(141, 2, 886, '0', '0', 0),
(142, 2, 885, '0', '0', 0),
(143, 2, 884, '0', '0', 20),
(144, 2, 883, '0', '0', 19),
(145, 2, 882, '0', '0', 0),
(146, 2, 881, '0', '0', 19),
(147, 2, 880, '0', '0', 18),
(148, 2, 879, '0', '0', 20),
(149, 2, 878, '0', '0', 20),
(150, 2, 877, '0', '0', 20),
(151, 2, 876, '0', '0', 0),
(152, 2, 875, '0', '0', 0),
(153, 2, 874, '0', '0', 20),
(154, 2, 873, '0', '0', 17),
(155, 2, 872, '0', '0', 18),
(156, 2, 871, '0', '0', 20),
(157, 2, 870, '0', '0', 16),
(158, 2, 869, '0', '0', 19),
(159, 2, 868, '0', '0', 19),
(160, 2, 867, '0', '0', 14),
(161, 2, 866, '0', '0', 13),
(162, 2, 865, '0', '0', 20),
(163, 2, 864, '0', '0', 0),
(164, 2, 863, '0', '0', 0),
(165, 2, 862, '0', '0', 15),
(166, 2, 861, '0', '0', 19),
(167, 2, 860, '0', '0', 12),
(168, 2, 859, '0', '0', 19),
(169, 2, 858, '0', '0', 18),
(170, 2, 857, '0', '0', 19),
(171, 2, 856, '0', '0', 19),
(172, 2, 855, '0', '0', 16),
(173, 2, 854, '0', '0', 19),
(174, 2, 853, '0', '0', 17),
(175, 2, 852, '0', '0', 0),
(176, 2, 851, '0', '0', 20),
(177, 2, 850, '0', '0', 14),
(178, 2, 849, '0', '0', 0),
(179, 2, 848, '0', '0', 0),
(180, 2, 847, '0', '0', 0),
(181, 2, 846, '0', '0', 0),
(182, 2, 845, '0', '0', 0),
(183, 2, 844, '0', '0', 0),
(184, 2, 843, '0', '0', 20),
(185, 2, 842, '0', '0', 14),
(186, 2, 841, '0', '0', 0),
(187, 2, 840, '0', '0', 0),
(188, 2, 839, '0', '0', 0),
(189, 2, 838, '0', '0', 20),
(190, 2, 837, '0', '0', 20),
(191, 2, 836, '0', '0', 0),
(192, 2, 835, '0', '0', 0),
(193, 2, 834, '0', '0', 16),
(194, 2, 833, '0', '0', 0),
(195, 2, 832, '0', '0', 0),
(196, 2, 831, '0', '0', 0),
(197, 2, 830, '0', '0', 0),
(198, 2, 829, '0', '0', 0),
(199, 2, 828, '0', '0', 0),
(200, 2, 827, '0', '0', 0),
(201, 2, 826, '0', '0', 10),
(202, 2, 825, '0', '0', 0),
(203, 2, 824, '0', '0', 19),
(204, 2, 823, '0', '0', 0),
(205, 2, 822, '0', '0', 0),
(206, 2, 821, '0', '0', 0),
(207, 2, 820, '0', '0', 0),
(208, 2, 819, '0', '0', 19),
(209, 2, 818, '0', '0', 0),
(210, 2, 817, '0', '0', 0),
(211, 2, 816, '0', '0', 0),
(212, 2, 815, '0', '0', 19),
(213, 2, 814, '0', '0', 0),
(214, 2, 813, '0', '0', 0),
(215, 2, 812, '0', '0', 0),
(216, 2, 811, '0', '0', 0),
(217, 2, 810, '0', '0', 0),
(218, 2, 809, '0', '0', 0),
(219, 2, 808, '0', '0', 0),
(220, 2, 807, '0', '0', 19),
(221, 2, 806, '0', '0', 17),
(222, 2, 805, '0', '0', 14),
(223, 2, 804, '0', '0', 20),
(224, 2, 803, '0', '0', 16),
(225, 2, 802, '0', '0', 16),
(226, 2, 801, '0', '0', 18),
(227, 2, 800, '0', '0', 19),
(228, 2, 799, '0', '0', 18),
(229, 2, 798, '0', '0', 17),
(230, 2, 797, '0', '0', 16),
(231, 2, 796, '0', '0', 14),
(232, 2, 795, '0', '0', 18),
(233, 2, 794, '0', '0', 1),
(234, 2, 793, '0', '0', 0),
(235, 2, 792, '0', '0', 17),
(236, 2, 791, '0', '0', 14),
(237, 2, 790, '0', '0', 15),
(238, 2, 789, '0', '0', 12),
(239, 2, 788, '0', '0', 18),
(240, 2, 787, '0', '0', 10),
(241, 2, 786, '0', '0', 0),
(242, 2, 785, '0', '0', 0),
(243, 2, 784, '0', '0', 0),
(244, 2, 783, '0', '0', 0),
(245, 2, 782, '0', '0', 0),
(246, 2, 781, '0', '0', 0),
(247, 2, 780, '0', '0', 0),
(248, 2, 779, '0', '0', 0),
(249, 2, 778, '0', '0', 0),
(250, 2, 777, '0', '0', 0),
(251, 2, 776, '0', '0', 0),
(252, 2, 775, '0', '0', 0),
(253, 2, 774, '0', '0', 0),
(254, 2, 773, '0', '0', 0),
(255, 2, 772, '0', '0', 0),
(256, 2, 771, '0', '0', 0),
(257, 2, 770, '0', '0', 0),
(258, 2, 769, '0', '0', 0),
(259, 2, 768, '0', '0', 0),
(260, 2, 767, '0', '0', 0),
(261, 2, 766, '0', '0', 0),
(262, 2, 765, '0', '0', 0),
(263, 2, 764, '0', '0', 0),
(264, 2, 763, '0', '0', 0),
(265, 2, 762, '0', '0', 0),
(266, 2, 761, '0', '0', 0),
(267, 2, 760, '0', '0', 0),
(268, 2, 759, '0', '0', 0),
(269, 2, 758, '0', '0', 0),
(270, 2, 757, '0', '0', 0),
(271, 2, 756, '0', '0', 0),
(272, 2, 755, '0', '0', 0),
(273, 2, 754, '0', '0', 0),
(274, 2, 753, '0', '0', 0),
(275, 2, 752, '0', '0', 0),
(276, 2, 751, '0', '0', 0),
(277, 2, 750, '0', '0', 0),
(278, 2, 749, '0', '0', 0),
(279, 2, 748, '0', '0', 0),
(280, 2, 747, '0', '0', 0),
(281, 2, 746, '0', '0', 0),
(282, 2, 745, '0', '0', 0),
(283, 2, 744, '0', '0', 0),
(284, 2, 743, '0', '0', 0),
(285, 2, 742, '0', '0', 0),
(286, 2, 741, '0', '0', 0),
(287, 2, 740, '0', '0', 0),
(288, 2, 739, '0', '0', 0),
(289, 2, 738, '0', '0', 0),
(290, 2, 737, '0', '0', 0),
(291, 2, 736, '0', '0', 0),
(292, 2, 735, '0', '0', 0),
(293, 2, 734, '0', '0', 0),
(294, 2, 733, '0', '0', 0),
(295, 2, 732, '0', '0', 0),
(296, 2, 731, '0', '0', 0),
(297, 2, 730, '0', '0', 0),
(298, 2, 729, '0', '0', 0),
(299, 2, 728, '0', '0', 0),
(300, 2, 727, '0', '0', 0),
(301, 2, 726, '0', '0', 0),
(302, 2, 725, '0', '0', 0),
(303, 2, 724, '0', '0', 0),
(304, 2, 723, '0', '0', 0),
(305, 2, 722, '0', '0', 0),
(306, 2, 721, '0', '0', 0),
(307, 2, 720, '0', '0', 0),
(308, 2, 719, '0', '0', 0),
(309, 2, 718, '0', '0', 0),
(310, 2, 717, '0', '0', 0),
(311, 2, 716, '0', '0', 0),
(312, 2, 715, '0', '0', 0),
(313, 2, 714, '0', '0', 0),
(314, 2, 713, '0', '0', 0),
(315, 2, 712, '0', '0', 0),
(316, 2, 711, '0', '0', 0),
(317, 2, 710, '0', '0', 9),
(318, 2, 709, '0', '0', 9),
(319, 2, 708, '0', '0', 0),
(320, 2, 707, '0', '0', 0),
(321, 2, 706, '0', '0', 10),
(322, 2, 705, '0', '0', 9),
(323, 2, 704, '0', '0', 10),
(324, 2, 703, '0', '0', 0),
(325, 2, 702, '0', '0', 7),
(326, 2, 701, '0', '0', 9),
(327, 2, 700, '0', '0', 0),
(328, 2, 699, '0', '0', 0),
(329, 2, 698, '0', '0', 10),
(330, 2, 697, '0', '0', 10),
(331, 2, 696, '0', '0', 0),
(332, 2, 695, '0', '0', 0),
(333, 2, 694, '0', '0', 10),
(334, 2, 693, '0', '0', 10),
(335, 2, 692, '0', '0', 0),
(336, 2, 691, '0', '0', 10),
(337, 2, 690, '0', '0', 0),
(338, 2, 689, '0', '0', 0),
(339, 2, 688, '0', '0', 9),
(340, 2, 687, '0', '0', 0),
(341, 2, 686, '0', '0', 0),
(342, 2, 685, '0', '0', 9),
(343, 2, 684, '0', '0', 0),
(344, 2, 683, '0', '0', 0),
(345, 2, 682, '0', '0', 10),
(346, 2, 681, '0', '0', 10),
(347, 2, 680, '0', '0', 0),
(348, 2, 679, '0', '0', 15),
(349, 2, 678, '0', '0', 14),
(350, 2, 677, '0', '0', 13),
(351, 2, 676, '0', '0', 0),
(352, 2, 675, '0', '0', 0),
(353, 2, 674, '0', '0', 0),
(354, 2, 673, '0', '0', 20),
(355, 2, 672, '0', '0', 20),
(356, 2, 671, '0', '0', 20),
(357, 2, 670, '0', '0', 20),
(358, 2, 669, '0', '0', 19),
(359, 2, 668, '0', '0', 20),
(360, 2, 667, '0', '0', 20),
(361, 2, 666, '0', '0', 19),
(362, 2, 665, '0', '0', 20),
(363, 2, 664, '0', '0', 19),
(364, 2, 663, '0', '0', 0),
(365, 2, 662, '0', '0', 0),
(366, 2, 661, '0', '0', 20),
(367, 2, 660, '0', '0', 19),
(368, 2, 659, '0', '0', 19),
(369, 2, 658, '0', '0', 20),
(370, 2, 657, '0', '0', 19),
(371, 2, 656, '0', '0', 19),
(372, 2, 655, '0', '0', 18),
(373, 2, 654, '0', '0', 19),
(374, 2, 653, '0', '0', 20),
(375, 2, 652, '0', '0', 20),
(376, 2, 651, '0', '0', 0),
(377, 2, 650, '0', '0', 0),
(378, 2, 649, '0', '0', 20),
(379, 2, 648, '0', '0', 20),
(380, 2, 647, '0', '0', 13),
(381, 2, 646, '0', '0', 19),
(382, 2, 645, '0', '0', 19),
(383, 2, 644, '0', '0', 17),
(384, 2, 643, '0', '0', 20),
(385, 2, 642, '0', '0', 18),
(386, 2, 641, '0', '0', 19),
(387, 2, 640, '0', '0', 19),
(388, 2, 639, '0', '0', 0),
(389, 2, 638, '0', '0', 20),
(390, 2, 637, '0', '0', 20),
(391, 2, 636, '0', '0', 0),
(392, 2, 635, '0', '0', 0),
(393, 2, 634, '0', '0', 0),
(394, 2, 633, '0', '0', 0),
(395, 2, 632, '0', '0', 0),
(396, 2, 631, '0', '0', 0),
(397, 2, 630, '0', '0', 19),
(398, 2, 629, '0', '0', 14),
(399, 2, 628, '0', '0', 0),
(400, 2, 627, '0', '0', 0),
(401, 2, 626, '0', '0', 0),
(402, 2, 625, '0', '0', 20),
(403, 2, 624, '0', '0', 18),
(404, 2, 623, '0', '0', 0),
(405, 2, 622, '0', '0', 0),
(406, 2, 621, '0', '0', 20),
(407, 2, 620, '0', '0', 0),
(408, 2, 619, '0', '0', 0),
(409, 2, 618, '0', '0', 0),
(410, 2, 617, '0', '0', 0),
(411, 2, 616, '0', '0', 0),
(412, 2, 615, '0', '0', 0),
(413, 2, 614, '0', '0', 0),
(414, 2, 613, '0', '0', 19),
(415, 2, 612, '0', '0', 0),
(416, 2, 611, '0', '0', 18),
(417, 2, 610, '0', '0', 0),
(418, 2, 609, '0', '0', 0),
(419, 2, 608, '0', '0', 0),
(420, 2, 607, '0', '0', 0),
(421, 2, 606, '0', '0', 17),
(422, 2, 605, '0', '0', 0),
(423, 2, 604, '0', '0', 0),
(424, 2, 603, '0', '0', 0),
(425, 2, 602, '0', '0', 19),
(426, 2, 601, '0', '0', 0),
(427, 2, 600, '0', '0', 0),
(428, 2, 599, '0', '0', 0),
(429, 2, 598, '0', '0', 0),
(430, 2, 597, '0', '0', 0),
(431, 2, 596, '0', '0', 0),
(432, 2, 595, '0', '0', 0),
(433, 2, 594, '0', '0', 19),
(434, 2, 593, '0', '0', 19),
(435, 2, 592, '0', '0', 18),
(436, 2, 591, '0', '0', 20),
(437, 2, 590, '0', '0', 16),
(438, 2, 589, '0', '0', 19),
(439, 2, 588, '0', '0', 20),
(440, 2, 587, '0', '0', 18),
(441, 2, 586, '0', '0', 20),
(442, 2, 585, '0', '0', 20),
(443, 2, 584, '0', '0', 20),
(444, 2, 583, '0', '0', 24),
(445, 2, 582, '0', '0', 16),
(446, 2, 581, '0', '0', 5),
(447, 2, 580, '0', '0', 20),
(448, 2, 579, '0', '0', 8),
(449, 2, 578, '0', '0', 20),
(450, 2, 577, '0', '0', 18),
(451, 2, 576, '0', '0', 14),
(452, 2, 575, '0', '0', 18),
(453, 2, 574, '0', '0', 15),
(454, 2, 573, '0', '0', 0),
(455, 2, 572, '0', '0', 0),
(456, 2, 571, '0', '0', 0),
(457, 2, 570, '0', '0', 0),
(458, 2, 569, '0', '0', 0),
(459, 2, 568, '0', '0', 0),
(460, 2, 567, '0', '0', 0),
(461, 2, 566, '0', '0', 0),
(462, 2, 565, '0', '0', 0),
(463, 2, 564, '0', '0', 0),
(464, 2, 563, '0', '0', 0),
(465, 2, 562, '0', '0', 0),
(466, 2, 561, '0', '0', 0),
(467, 2, 560, '0', '0', 0),
(468, 2, 559, '0', '0', 0),
(469, 2, 558, '0', '0', 0),
(470, 2, 557, '0', '0', 0),
(471, 2, 556, '0', '0', 0),
(472, 2, 555, '0', '0', 0),
(473, 2, 554, '0', '0', 0),
(474, 2, 553, '0', '0', 0),
(475, 2, 552, '0', '0', 0),
(476, 2, 551, '0', '0', 0),
(477, 2, 550, '0', '0', 0),
(478, 2, 549, '0', '0', 0),
(479, 2, 548, '0', '0', 0),
(480, 2, 547, '0', '0', 0),
(481, 2, 546, '0', '0', 0),
(482, 2, 545, '0', '0', 0),
(483, 2, 544, '0', '0', 0),
(484, 2, 543, '0', '0', 0),
(485, 2, 542, '0', '0', 0),
(486, 2, 541, '0', '0', 0),
(487, 2, 540, '0', '0', 0),
(488, 2, 539, '0', '0', 0),
(489, 2, 538, '0', '0', 0),
(490, 2, 537, '0', '0', 0),
(491, 2, 536, '0', '0', 0),
(492, 2, 535, '0', '0', 0),
(493, 2, 534, '0', '0', 0),
(494, 2, 533, '0', '0', 0),
(495, 2, 532, '0', '0', 0),
(496, 2, 531, '0', '0', 0),
(497, 2, 530, '0', '0', 0),
(498, 2, 529, '0', '0', 0),
(499, 2, 528, '0', '0', 0),
(500, 2, 527, '0', '0', 0),
(501, 2, 526, '0', '0', 0),
(502, 2, 525, '0', '0', 0),
(503, 2, 524, '0', '0', 0),
(504, 2, 523, '0', '0', 0),
(505, 2, 522, '0', '0', 0),
(506, 2, 521, '0', '0', 0),
(507, 2, 520, '0', '0', 0),
(508, 2, 519, '0', '0', 0),
(509, 2, 518, '0', '0', 0),
(510, 2, 517, '0', '0', 0),
(511, 2, 516, '0', '0', 0),
(512, 2, 515, '0', '0', 0),
(513, 2, 514, '0', '0', 0),
(514, 2, 513, '0', '0', 0),
(515, 2, 512, '0', '0', 0),
(516, 2, 511, '0', '0', 0),
(517, 2, 510, '0', '0', 0),
(518, 2, 509, '0', '0', 0),
(519, 2, 508, '0', '0', 0),
(520, 2, 507, '0', '0', 0),
(521, 2, 506, '0', '0', 0),
(522, 2, 505, '0', '0', 0),
(523, 2, 504, '0', '0', 0),
(524, 2, 503, '0', '0', 0),
(525, 2, 502, '0', '0', 0),
(526, 2, 501, '0', '0', 0),
(527, 2, 500, '0', '0', 0),
(528, 2, 499, '0', '0', 0),
(529, 2, 498, '0', '0', 0),
(530, 2, 497, '0', '0', 0),
(531, 2, 496, '0', '0', 0),
(532, 2, 495, '0', '0', 0),
(533, 2, 494, '0', '0', 0),
(534, 2, 493, '0', '0', 0),
(535, 2, 492, '0', '0', 0),
(536, 2, 491, '0', '0', 0),
(537, 2, 490, '0', '0', 0),
(538, 2, 489, '0', '0', 0),
(539, 2, 488, '0', '0', 0),
(540, 2, 487, '0', '0', 0),
(541, 2, 486, '0', '0', 0),
(542, 2, 485, '0', '0', 0),
(543, 2, 484, '0', '0', 0),
(544, 2, 483, '0', '0', 0),
(545, 2, 482, '0', '0', 0),
(546, 2, 481, '0', '0', 0),
(547, 2, 480, '0', '0', 0),
(548, 2, 479, '0', '0', 0),
(549, 2, 478, '0', '0', 0),
(550, 2, 477, '0', '0', 0),
(551, 2, 476, '0', '0', 0),
(552, 2, 475, '0', '0', 0),
(553, 2, 474, '0', '0', 0),
(554, 2, 473, '0', '0', 0),
(555, 2, 472, '0', '0', 0),
(556, 2, 471, '0', '0', 0),
(557, 2, 470, '0', '0', 0),
(558, 2, 469, '0', '0', 0),
(559, 2, 468, '0', '0', 0),
(560, 2, 467, '0', '0', 0),
(561, 2, 466, '0', '0', 0),
(562, 2, 465, '0', '0', 0),
(563, 2, 464, '0', '0', 0),
(564, 2, 463, '0', '0', 0),
(565, 2, 462, '0', '0', 0),
(566, 2, 461, '0', '0', 0),
(567, 2, 460, '0', '0', 0),
(568, 2, 459, '0', '0', 0),
(569, 2, 458, '0', '0', 0),
(570, 2, 457, '0', '0', 0),
(571, 2, 456, '0', '0', 0),
(572, 2, 455, '0', '0', 0),
(573, 2, 454, '0', '0', 0),
(574, 2, 453, '0', '0', 0),
(575, 2, 452, '0', '0', 0),
(576, 2, 451, '0', '0', 0),
(577, 2, 450, '0', '0', 0),
(578, 2, 449, '0', '0', 0),
(579, 2, 448, '0', '0', 0),
(580, 2, 447, '0', '0', 0),
(581, 2, 446, '0', '0', 0),
(582, 2, 445, '0', '0', 0),
(583, 2, 444, '0', '0', 0),
(584, 2, 443, '0', '0', 0),
(585, 2, 442, '0', '0', 0),
(586, 2, 441, '0', '0', 0),
(587, 2, 440, '0', '0', 0),
(588, 2, 439, '0', '0', 0),
(589, 2, 438, '0', '0', 0),
(590, 2, 437, '0', '0', 0),
(591, 2, 436, '0', '0', 0),
(592, 2, 435, '0', '0', 0),
(593, 2, 434, '0', '0', 0),
(594, 2, 433, '0', '0', 0),
(595, 2, 432, '0', '0', 0),
(596, 2, 431, '0', '0', 0),
(597, 2, 430, '0', '0', 0),
(598, 2, 429, '0', '0', 0),
(599, 2, 428, '0', '0', 0),
(600, 2, 427, '0', '0', 0),
(601, 2, 426, '0', '0', 0),
(602, 2, 425, '0', '0', 0),
(603, 2, 424, '0', '0', 0),
(604, 2, 423, '0', '0', 0),
(605, 2, 422, '0', '0', 0),
(606, 2, 421, '0', '0', 0),
(607, 2, 420, '0', '0', 0),
(608, 2, 419, '0', '0', 0),
(609, 2, 418, '0', '0', 0),
(610, 2, 417, '0', '0', 0),
(611, 2, 416, '0', '0', 0),
(612, 2, 415, '0', '0', 0),
(613, 2, 414, '0', '0', 0),
(614, 2, 413, '0', '0', 0),
(615, 2, 412, '0', '0', 0),
(616, 2, 411, '0', '0', 0),
(617, 2, 410, '0', '0', 0),
(618, 2, 409, '0', '0', 0),
(619, 2, 408, '0', '0', 0),
(620, 2, 407, '0', '0', 0),
(621, 2, 406, '0', '0', 0),
(622, 2, 405, '0', '0', 0),
(623, 2, 404, '0', '0', 0),
(624, 2, 403, '0', '0', 0),
(625, 2, 402, '0', '0', 0),
(626, 2, 401, '0', '0', 0),
(627, 2, 400, '0', '0', 0),
(628, 2, 399, '0', '0', 0),
(629, 2, 398, '0', '0', 0),
(630, 2, 397, '0', '0', 0),
(631, 2, 396, '0', '0', 0),
(632, 2, 395, '0', '0', 0),
(633, 2, 394, '0', '0', 0),
(634, 2, 393, '0', '0', 0),
(635, 2, 392, '0', '0', 0),
(636, 2, 391, '0', '0', 0),
(637, 2, 390, '0', '0', 0),
(638, 2, 389, '0', '0', 0),
(639, 2, 388, '0', '0', 0),
(640, 2, 387, '0', '0', 0),
(641, 2, 386, '0', '0', 0),
(642, 2, 385, '0', '0', 0),
(643, 2, 384, '0', '0', 0),
(644, 2, 383, '0', '0', 0),
(645, 2, 382, '0', '0', 0),
(646, 2, 381, '0', '0', 0),
(647, 2, 380, '0', '0', 0),
(648, 2, 379, '0', '0', 0),
(649, 2, 378, '0', '0', 0),
(650, 2, 377, '0', '0', 0),
(651, 2, 376, '0', '0', 0),
(652, 2, 375, '0', '0', 0),
(653, 2, 374, '0', '0', 0),
(654, 2, 373, '0', '0', 0),
(655, 2, 372, '0', '0', 0),
(656, 2, 371, '0', '0', 0),
(657, 2, 370, '0', '0', 0),
(658, 2, 369, '0', '0', 0),
(659, 2, 368, '0', '0', 0),
(660, 2, 367, '0', '0', 0),
(661, 2, 366, '0', '0', 0),
(662, 2, 365, '0', '0', 0),
(663, 2, 364, '0', '0', 0),
(664, 2, 363, '0', '0', 0),
(665, 2, 362, '0', '0', 0),
(666, 2, 361, '0', '0', 0),
(667, 2, 360, '0', '0', 20),
(668, 2, 359, '0', '0', 20),
(669, 2, 358, '0', '0', 20),
(670, 2, 357, '0', '0', 0),
(671, 2, 356, '0', '0', 17),
(672, 2, 355, '0', '0', 19),
(673, 2, 354, '0', '0', 0),
(674, 2, 353, '0', '0', 0),
(675, 2, 352, '0', '0', 18),
(676, 2, 351, '0', '0', 16),
(677, 2, 350, '0', '0', 0),
(678, 2, 349, '0', '0', 0),
(679, 2, 348, '0', '0', 18),
(680, 2, 347, '0', '0', 20),
(681, 2, 346, '0', '0', 0),
(682, 2, 345, '0', '0', 20),
(683, 2, 344, '0', '0', 17),
(684, 2, 343, '0', '0', 15),
(685, 2, 342, '0', '0', 0),
(686, 2, 341, '0', '0', 0),
(687, 2, 340, '0', '0', 0),
(688, 2, 339, '0', '0', 20),
(689, 2, 338, '0', '0', 20),
(690, 2, 337, '0', '0', 20),
(691, 2, 336, '0', '0', 20),
(692, 2, 335, '0', '0', 29),
(693, 2, 334, '0', '0', 29),
(694, 2, 333, '0', '0', 28),
(695, 2, 332, '0', '0', 29),
(696, 2, 331, '0', '0', 19),
(697, 2, 330, '0', '0', 18),
(698, 2, 329, '0', '0', 0),
(699, 2, 328, '0', '0', 0),
(700, 2, 327, '0', '0', 20),
(701, 2, 326, '0', '0', 16),
(702, 2, 325, '0', '0', 17),
(703, 2, 324, '0', '0', 20),
(704, 2, 323, '0', '0', 23),
(705, 2, 322, '0', '0', 28),
(706, 2, 321, '0', '0', 27),
(707, 2, 320, '0', '0', 23),
(708, 2, 319, '0', '0', 15),
(709, 2, 318, '0', '0', 20),
(710, 2, 317, '0', '0', 0),
(711, 2, 316, '0', '0', 0),
(712, 2, 315, '0', '0', 15),
(713, 2, 314, '0', '0', 12),
(714, 2, 313, '0', '0', 3),
(715, 2, 312, '0', '0', 18),
(716, 2, 311, '0', '0', 16),
(717, 2, 310, '0', '0', 23),
(718, 2, 309, '0', '0', 28),
(719, 2, 308, '0', '0', 24),
(720, 2, 307, '0', '0', 18),
(721, 2, 306, '0', '0', 16),
(722, 2, 305, '0', '0', 19),
(723, 2, 304, '0', '0', 0),
(724, 2, 303, '0', '0', 30),
(725, 2, 302, '0', '0', 16),
(726, 2, 301, '0', '0', 0),
(727, 2, 299, '0', '0', 17),
(728, 2, 298, '0', '0', 0),
(729, 2, 297, '0', '0', 0),
(730, 2, 296, '0', '0', 0),
(731, 2, 295, '0', '0', 0),
(732, 2, 294, '0', '0', 0),
(733, 2, 293, '0', '0', 0),
(734, 2, 292, '0', '0', 0),
(735, 2, 291, '0', '0', 0),
(736, 2, 290, '0', '0', 17),
(737, 2, 289, '0', '0', 0),
(738, 2, 288, '0', '0', 19),
(739, 2, 287, '0', '0', 16),
(740, 2, 286, '0', '0', 0),
(741, 2, 285, '0', '0', 8),
(742, 2, 284, '0', '0', 0),
(743, 2, 283, '0', '0', 0),
(744, 2, 282, '0', '0', 0),
(745, 2, 281, '0', '0', 0),
(746, 2, 280, '0', '0', 0),
(747, 2, 279, '0', '0', 19),
(748, 2, 278, '0', '0', 18),
(749, 2, 277, '0', '0', 0),
(750, 2, 276, '0', '0', 0),
(751, 2, 275, '0', '0', 0),
(752, 2, 274, '0', '0', 0),
(753, 2, 273, '0', '0', 0),
(754, 2, 272, '0', '0', 0),
(755, 2, 271, '0', '0', 0),
(756, 2, 270, '0', '0', 0),
(757, 2, 269, '0', '0', 0),
(758, 2, 268, '0', '0', 0),
(759, 2, 267, '0', '0', 0),
(760, 2, 266, '0', '0', 16),
(761, 2, 265, '0', '0', 0),
(762, 2, 264, '0', '0', 0),
(763, 2, 263, '0', '0', 0),
(764, 2, 262, '0', '0', 0),
(765, 2, 261, '0', '0', 0),
(766, 2, 260, '0', '0', 0),
(767, 2, 259, '0', '0', 0),
(768, 2, 258, '0', '0', 19),
(769, 2, 257, '0', '0', 0),
(770, 2, 256, '0', '0', 17),
(771, 2, 255, '0', '0', 0),
(772, 2, 254, '0', '0', 22),
(773, 2, 253, '0', '0', 20),
(774, 2, 252, '0', '0', 22),
(775, 2, 251, '0', '0', 15),
(776, 2, 250, '0', '0', 13),
(777, 2, 249, '0', '0', 17),
(778, 2, 248, '0', '0', 26),
(779, 2, 247, '0', '0', 0),
(780, 2, 246, '0', '0', 11),
(781, 2, 245, '0', '0', 23),
(782, 2, 244, '0', '0', 15),
(783, 2, 243, '0', '0', 13),
(784, 2, 242, '0', '0', 0),
(785, 2, 241, '0', '0', 0),
(786, 2, 240, '0', '0', 24),
(787, 2, 239, '0', '0', 16),
(788, 2, 238, '0', '0', 5),
(789, 2, 237, '0', '0', 20),
(790, 2, 236, '0', '0', 8),
(791, 2, 235, '0', '0', 14),
(792, 2, 234, '0', '0', 23),
(793, 2, 233, '0', '0', 17),
(794, 2, 232, '0', '0', 15),
(795, 2, 231, '0', '0', 13),
(796, 2, 230, '0', '0', 12),
(797, 2, 229, '0', '0', 0),
(798, 2, 228, '0', '0', 0),
(799, 2, 227, '0', '0', 0),
(800, 2, 226, '0', '0', 0),
(801, 2, 225, '0', '0', 0),
(802, 2, 224, '0', '0', 0),
(803, 2, 223, '0', '0', 0),
(804, 2, 222, '0', '0', 0),
(805, 2, 221, '0', '0', 0),
(806, 2, 220, '0', '0', 0),
(807, 2, 219, '0', '0', 0),
(808, 2, 218, '0', '0', 0),
(809, 2, 217, '0', '0', 0),
(810, 2, 216, '0', '0', 0),
(811, 2, 215, '0', '0', 0),
(812, 2, 214, '0', '0', 0),
(813, 2, 213, '0', '0', 0),
(814, 2, 212, '0', '0', 0),
(815, 2, 211, '0', '0', 0),
(816, 2, 210, '0', '0', 0),
(817, 2, 209, '0', '0', 0),
(818, 2, 208, '0', '0', 0),
(819, 2, 207, '0', '0', 0),
(820, 2, 206, '0', '0', 0),
(821, 2, 205, '0', '0', 0),
(822, 2, 204, '0', '0', 0),
(823, 2, 203, '0', '0', 0),
(824, 2, 202, '0', '0', 0),
(825, 2, 201, '0', '0', 0),
(826, 2, 200, '0', '0', 0),
(827, 2, 199, '0', '0', 0),
(828, 2, 198, '0', '0', 0),
(829, 2, 197, '0', '0', 0),
(830, 2, 196, '0', '0', 0),
(831, 2, 195, '0', '0', 0),
(832, 2, 194, '0', '0', 0),
(833, 2, 193, '0', '0', 0),
(834, 2, 192, '0', '0', 0),
(835, 2, 191, '0', '0', 0),
(836, 2, 190, '0', '0', 0),
(837, 2, 189, '0', '0', 0),
(838, 2, 188, '0', '0', 0),
(839, 2, 187, '0', '0', 0),
(840, 2, 186, '0', '0', 0),
(841, 2, 185, '0', '0', 0),
(842, 2, 184, '0', '0', 0),
(843, 2, 183, '0', '0', 0),
(844, 2, 182, '0', '0', 0),
(845, 2, 181, '0', '0', 0),
(846, 2, 180, '0', '0', 0),
(847, 2, 179, '0', '0', 0),
(848, 2, 178, '0', '0', 0),
(849, 2, 177, '0', '0', 0),
(850, 2, 176, '0', '0', 0),
(851, 2, 175, '0', '0', 0),
(852, 2, 174, '0', '0', 0),
(853, 2, 173, '0', '0', 0),
(854, 2, 172, '0', '0', 0),
(855, 2, 171, '0', '0', 0),
(856, 2, 170, '0', '0', 0),
(857, 2, 169, '0', '0', 0),
(858, 2, 168, '0', '0', 0),
(859, 2, 167, '0', '0', 0),
(860, 2, 166, '0', '0', 0),
(861, 2, 165, '0', '0', 0),
(862, 2, 164, '0', '0', 0),
(863, 2, 163, '0', '0', 0),
(864, 2, 162, '0', '0', 0),
(865, 2, 161, '0', '0', 0),
(866, 2, 160, '0', '0', 0),
(867, 2, 159, '0', '0', 0),
(868, 2, 158, '0', '0', 0),
(869, 2, 157, '0', '0', 0),
(870, 2, 156, '0', '0', 0),
(871, 2, 155, '0', '0', 0),
(872, 2, 154, '0', '0', 0),
(873, 2, 153, '0', '0', 0),
(874, 2, 152, '0', '0', 0),
(875, 2, 151, '0', '0', 0),
(876, 2, 150, '0', '0', 0),
(877, 2, 149, '0', '0', 0),
(878, 2, 148, '0', '0', 0),
(879, 2, 147, '0', '0', 0),
(880, 2, 145, '0', '0', 0),
(881, 2, 144, '0', '0', 0),
(882, 2, 143, '0', '0', 0),
(883, 2, 142, '0', '0', 0),
(884, 2, 141, '0', '0', 0),
(885, 2, 140, '0', '0', 0),
(886, 2, 139, '0', '0', 0),
(887, 2, 138, '0', '0', 0),
(888, 2, 137, '0', '0', 0),
(889, 2, 136, '0', '0', 0),
(890, 2, 135, '0', '0', 0),
(891, 2, 134, '0', '0', 0),
(892, 2, 133, '0', '0', 0),
(893, 2, 132, '0', '0', 0),
(894, 2, 131, '0', '0', 0),
(895, 2, 130, '0', '0', 0),
(896, 2, 129, '0', '0', 0),
(897, 2, 128, '0', '0', 0),
(898, 2, 127, '0', '0', 0),
(899, 2, 126, '0', '0', 0),
(900, 2, 125, '0', '0', 0),
(901, 2, 124, '0', '0', 0),
(902, 2, 123, '0', '0', 0),
(903, 2, 122, '0', '0', 0),
(904, 2, 121, '0', '0', 20),
(905, 2, 120, '0', '0', 0),
(906, 2, 119, '0', '0', 17),
(907, 2, 118, '0', '0', 0),
(908, 2, 117, '0', '0', 0),
(909, 2, 116, '0', '0', 0),
(910, 2, 115, '0', '0', 0),
(911, 2, 114, '0', '0', 20),
(912, 2, 113, '0', '0', 0),
(913, 2, 112, '0', '0', 39),
(914, 2, 111, '0', '0', 23),
(915, 2, 110, '0', '0', 0),
(916, 2, 109, '0', '0', 0),
(917, 2, 108, '0', '0', 6),
(918, 2, 107, '0', '0', 40),
(919, 2, 106, '0', '0', 0),
(920, 2, 105, '0', '0', 0),
(921, 2, 104, '0', '0', 0),
(922, 2, 103, '0', '0', 20),
(923, 2, 102, '0', '0', 20),
(924, 2, 101, '0', '0', 0),
(925, 2, 100, '0', '0', 44),
(926, 2, 99, '0', '0', 12),
(927, 2, 98, '0', '0', 38),
(928, 2, 97, '0', '0', 0),
(929, 2, 96, '0', '0', 0),
(930, 2, 95, '0', '0', 0),
(931, 2, 94, '0', '0', 0),
(932, 2, 93, '0', '0', 0),
(933, 2, 92, '0', '0', 0),
(934, 2, 91, '0', '0', 20),
(935, 2, 90, '0', '0', 12),
(936, 2, 89, '0', '0', 20),
(937, 2, 88, '0', '0', 30),
(938, 2, 87, '0', '0', 20),
(939, 2, 86, '0', '0', 40),
(940, 2, 85, '0', '0', 42),
(941, 2, 84, '0', '0', 0),
(942, 2, 83, '0', '0', 12432),
(943, 2, 82, '0', '0', 20),
(944, 2, 81, '0', '0', 0),
(945, 2, 80, '0', '0', 6),
(946, 2, 79, '0', '0', 50),
(947, 2, 78, '0', '0', 0),
(948, 2, 77, '0', '0', 0),
(949, 2, 76, '0', '0', 0),
(950, 2, 75, '0', '0', 0),
(951, 2, 74, '0', '0', 0),
(952, 2, 73, '0', '0', 0),
(953, 2, 72, '0', '0', 6),
(954, 2, 71, '0', '0', 50),
(955, 2, 70, '0', '0', 0),
(956, 2, 69, '0', '0', 0),
(957, 2, 68, '0', '0', 0),
(958, 2, 67, '0', '0', 2),
(959, 2, 66, '0', '0', 0),
(960, 2, 65, '0', '0', 0),
(961, 2, 64, '0', '0', 0),
(962, 2, 63, '0', '0', 50),
(963, 2, 62, '0', '0', 0),
(964, 2, 61, '0', '0', 0),
(965, 2, 60, '0', '0', 0),
(966, 2, 59, '0', '0', 0),
(967, 2, 58, '0', '0', 0),
(968, 2, 57, '0', '0', 0),
(969, 2, 56, '0', '0', 0),
(970, 2, 55, '0', '0', 0),
(971, 2, 54, '0', '0', 0),
(972, 2, 53, '0', '0', 0),
(973, 2, 52, '0', '0', 0),
(974, 2, 51, '0', '0', 0),
(975, 2, 50, '0', '0', 0),
(976, 2, 49, '0', '0', 0),
(977, 2, 48, '0', '0', 0),
(978, 2, 47, '0', '0', 0),
(979, 2, 46, '0', '0', 0),
(980, 2, 45, '0', '0', 0),
(981, 2, 44, '0', '0', 0),
(982, 2, 43, '0', '0', 0),
(983, 2, 42, '0', '0', 0),
(984, 2, 41, '0', '0', 0),
(985, 2, 40, '0', '0', 0),
(986, 2, 39, '0', '0', 0),
(987, 2, 38, '0', '0', 0),
(988, 2, 37, '0', '0', 0),
(989, 2, 36, '0', '0', 0),
(990, 2, 35, '0', '0', 0),
(991, 2, 34, '0', '0', 20),
(992, 2, 33, '0', '0', 0),
(993, 2, 32, '0', '0', 20),
(994, 2, 31, '0', '0', 0),
(995, 2, 30, '0', '0', 23),
(996, 2, 29, '0', '0', 64),
(997, 2, 28, '0', '0', 90),
(998, 2, 27, '0', '0', 96),
(999, 2, 26, '0', '0', 12),
(1000, 2, 25, '0', '0', 20),
(1001, 2, 24, '0', '0', 0),
(1002, 2, 23, '0', '0', 0),
(1003, 2, 22, '0', '0', 0),
(1004, 2, 21, '0', '0', 37),
(1005, 2, 20, '0', '0', 42),
(1006, 2, 19, '0', '0', 0),
(1007, 2, 18, '0', '0', 19);

-- --------------------------------------------------------

--
-- Table structure for table `inventory_warehouse_log`
--

CREATE TABLE `inventory_warehouse_log` (
  `inventory_warehouse_log_id` int(11) NOT NULL,
  `inventory_warehouse_log_inventory_log_id` int(11) NOT NULL,
  `inventory_warehouse_log_item_id` int(11) NOT NULL,
  `inventory_warehouse_log_count` int(11) NOT NULL
) ENGINE=InnoDB DEFAULT CHARSET=utf8;

--
-- Dumping data for table `inventory_warehouse_log`
--

INSERT INTO `inventory_warehouse_log` (`inventory_warehouse_log_id`, `inventory_warehouse_log_inventory_log_id`, `inventory_warehouse_log_item_id`, `inventory_warehouse_log_count`) VALUES
(1, 1, 18, 901),
(2, 2, 13, 23),
(3, 2, 9, 2),
(4, 2, 18, 121),
(5, 3, 13, -23),
(6, 4, 9, -2),
(7, 5, 18, -1022),
(8, 6, 9, 0),
(9, 7, 227, 1),
(10, 8, 220, 10),
(11, 8, 221, 10),
(12, 8, 222, 10),
(13, 8, 223, 10),
(14, 8, 224, 8),
(15, 9, 220, -2),
(16, 9, 221, -2),
(17, 10, 220, 2),
(18, 11, 225, 2),
(19, 12, 222, 6),
(20, 13, 1002, 10),
(21, 13, 1006, 1),
(22, 13, 1007, 2),
(23, 14, 1002, 1),
(24, 14, 1006, 2),
(25, 14, 1007, 3),
(26, 15, 1002, -1),
(27, 15, 1006, -1),
(28, 15, 1007, -1),
(29, 16, 220, -10),
(30, 17, 221, -8),
(31, 18, 222, -16),
(32, 19, 223, -10),
(33, 20, 224, -6),
(34, 21, 224, -2),
(35, 22, 225, -2),
(36, 23, 227, -1),
(37, 24, 1002, -10),
(38, 24, 1006, -2),
(39, 24, 1007, -4),
(40, 25, 18, 19),
(41, 25, 13, 42),
(42, 25, 25, 20),
(43, 25, 20, 42),
(44, 25, 21, 37),
(45, 25, 26, 12),
(46, 25, 27, 96),
(47, 25, 28, 90),
(48, 25, 29, 64),
(49, 25, 30, 23),
(50, 25, 32, 20),
(51, 25, 34, 20),
(52, 25, 82, 20),
(53, 25, 85, 42),
(54, 25, 86, 40),
(55, 25, 98, 38),
(56, 25, 107, 40),
(57, 25, 108, 6),
(58, 25, 87, 20),
(59, 25, 88, 30),
(60, 25, 89, 20),
(61, 25, 90, 12),
(62, 25, 91, 20),
(63, 25, 99, 12),
(64, 25, 100, 44),
(65, 25, 102, 20),
(66, 25, 103, 20),
(67, 25, 111, 23),
(68, 25, 112, 39),
(69, 25, 114, 20),
(70, 25, 63, 50),
(71, 25, 71, 50),
(72, 25, 79, 50),
(73, 25, 67, 2),
(74, 25, 72, 6),
(75, 25, 80, 6),
(76, 25, 119, 17),
(77, 25, 121, 20),
(78, 26, 232, 15),
(79, 26, 233, 17),
(80, 26, 234, 23),
(81, 26, 235, 14),
(82, 26, 236, 8),
(83, 26, 237, 20),
(84, 26, 238, 5),
(85, 26, 239, 16),
(86, 26, 240, 24),
(87, 26, 230, 12),
(88, 26, 231, 13),
(89, 26, 246, 11),
(90, 26, 247, 24),
(91, 26, 248, 26),
(92, 26, 249, 17),
(93, 26, 250, 13),
(94, 26, 251, 15),
(95, 26, 252, 22),
(96, 26, 253, 20),
(97, 26, 254, 22),
(98, 26, 243, 13),
(99, 26, 244, 15),
(100, 26, 245, 23),
(101, 26, 256, 17),
(102, 26, 258, 19),
(103, 26, 306, 16),
(104, 26, 307, 18),
(105, 26, 308, 24),
(106, 26, 309, 28),
(107, 26, 310, 23),
(108, 26, 318, 20),
(109, 26, 319, 15),
(110, 26, 320, 23),
(111, 26, 321, 27),
(112, 26, 322, 28),
(113, 26, 330, 18),
(114, 26, 331, 19),
(115, 26, 332, 29),
(116, 26, 333, 28),
(117, 26, 334, 29),
(118, 26, 311, 16),
(119, 26, 312, 18),
(120, 26, 313, 3),
(121, 26, 314, 12),
(122, 26, 315, 15),
(123, 26, 323, 23),
(124, 26, 324, 20),
(125, 26, 325, 17),
(126, 26, 326, 16),
(127, 26, 327, 20),
(128, 26, 335, 29),
(129, 26, 336, 20),
(130, 26, 337, 20),
(131, 26, 338, 20),
(132, 26, 339, 20),
(133, 26, 266, 16),
(134, 26, 278, 18),
(135, 26, 285, 8),
(136, 26, 299, 17),
(137, 26, 279, 19),
(138, 26, 287, 16),
(139, 26, 302, 16),
(140, 26, 288, 19),
(141, 26, 303, 30),
(142, 26, 290, 17),
(143, 26, 305, 19),
(144, 26, 343, 15),
(145, 26, 344, 17),
(146, 26, 345, 20),
(147, 26, 347, 20),
(148, 26, 351, 16),
(149, 26, 355, 19),
(150, 26, 348, 18),
(151, 26, 352, 18),
(152, 26, 356, 17),
(153, 26, 358, 20),
(154, 26, 359, 20),
(155, 26, 360, 20),
(156, 27, 575, 18),
(157, 27, 576, 14),
(158, 27, 577, 18),
(159, 27, 578, 20),
(160, 27, 579, 8),
(161, 27, 580, 20),
(162, 27, 581, 5),
(163, 27, 582, 16),
(164, 27, 583, 24),
(165, 27, 574, 15),
(166, 27, 584, 20),
(167, 27, 585, 20),
(168, 27, 586, 20),
(169, 27, 587, 18),
(170, 27, 588, 20),
(171, 27, 589, 19),
(172, 27, 590, 16),
(173, 27, 591, 20),
(174, 27, 592, 18),
(175, 27, 611, 18),
(176, 27, 613, 19),
(177, 27, 640, 19),
(178, 27, 641, 19),
(179, 27, 642, 18),
(180, 27, 643, 20),
(181, 27, 644, 17),
(182, 27, 652, 20),
(183, 27, 653, 20),
(184, 27, 654, 19),
(185, 27, 655, 18),
(186, 27, 656, 19),
(187, 27, 664, 19),
(188, 27, 665, 20),
(189, 27, 666, 19),
(190, 28, 667, 20),
(191, 28, 668, 20),
(192, 28, 645, 19),
(193, 28, 646, 19),
(194, 28, 647, 13),
(195, 28, 648, 20),
(196, 28, 649, 20),
(197, 28, 657, 19),
(198, 28, 658, 20),
(199, 28, 659, 19),
(200, 28, 660, 19),
(201, 28, 661, 20),
(202, 28, 669, 19),
(203, 28, 670, 20),
(204, 28, 671, 20),
(205, 28, 672, 20),
(206, 28, 673, 20),
(207, 28, 685, 9),
(208, 28, 688, 9),
(209, 28, 691, 10),
(210, 28, 621, 20),
(211, 28, 624, 18),
(212, 28, 629, 14),
(213, 28, 637, 20),
(214, 28, 625, 20),
(215, 28, 630, 19),
(216, 28, 638, 20),
(217, 28, 677, 13),
(218, 28, 678, 14),
(219, 28, 679, 15),
(220, 28, 709, 9),
(221, 28, 710, 9),
(222, 28, 704, 10),
(223, 28, 705, 9),
(224, 28, 706, 10),
(225, 28, 681, 10),
(226, 28, 682, 10),
(227, 28, 693, 10),
(228, 28, 697, 10),
(229, 28, 701, 9),
(230, 28, 694, 10),
(231, 28, 698, 10),
(232, 28, 702, 7),
(233, 28, 593, 19),
(234, 28, 594, 19),
(235, 28, 602, 19),
(236, 28, 606, 17),
(237, 29, 788, 18),
(238, 29, 789, 12),
(239, 29, 790, 15),
(240, 29, 791, 14),
(241, 29, 792, 17),
(242, 29, 794, 1),
(243, 29, 795, 18),
(244, 29, 796, 14),
(245, 29, 787, 10),
(246, 29, 797, 16),
(247, 29, 798, 17),
(248, 29, 799, 18),
(249, 29, 800, 19),
(250, 29, 801, 18),
(251, 29, 802, 16),
(252, 29, 803, 16),
(253, 29, 804, 20),
(254, 29, 805, 14),
(255, 29, 824, 19),
(256, 29, 826, 10),
(257, 29, 853, 17),
(258, 29, 854, 19),
(259, 29, 855, 16),
(260, 29, 856, 19),
(261, 29, 857, 19),
(262, 29, 865, 20),
(263, 29, 866, 13),
(264, 29, 867, 14),
(265, 29, 868, 19),
(266, 29, 869, 19),
(267, 29, 877, 20),
(268, 29, 878, 20),
(269, 29, 879, 20),
(270, 29, 880, 18),
(271, 29, 881, 19),
(272, 29, 858, 18),
(273, 29, 859, 19),
(274, 29, 860, 12),
(275, 29, 861, 19),
(276, 29, 862, 15),
(277, 29, 870, 16),
(278, 29, 871, 20),
(279, 29, 872, 18),
(280, 29, 873, 17),
(281, 29, 874, 20),
(282, 29, 883, 19),
(283, 29, 884, 20),
(284, 29, 897, 5),
(285, 29, 900, 8),
(286, 29, 903, 10),
(287, 29, 834, 16),
(288, 29, 837, 20),
(289, 29, 842, 14),
(290, 29, 850, 14),
(291, 29, 838, 20),
(292, 29, 843, 20),
(293, 29, 851, 20),
(294, 29, 889, 14),
(295, 29, 890, 13),
(296, 29, 891, 15),
(297, 29, 921, 9),
(298, 29, 922, 9),
(299, 29, 916, 9),
(300, 29, 917, 4),
(301, 29, 918, 9),
(302, 29, 893, 10),
(303, 29, 894, 10),
(304, 29, 906, 6),
(305, 29, 910, 8),
(306, 29, 914, 9),
(307, 29, 905, 10),
(308, 29, 909, 6),
(309, 29, 913, 10),
(310, 29, 806, 17),
(311, 29, 807, 19),
(312, 29, 815, 19),
(313, 29, 819, 19),
(314, 30, 83, 111),
(315, 31, 83, 12321),
(316, 31, 247, 333333),
(317, 32, 247, -333357);

-- --------------------------------------------------------

--
-- Table structure for table `item`
--

CREATE TABLE `item` (
  `item_id` int(11) NOT NULL,
  `item_item_category_id` int(11) NOT NULL,
  `item_item_style_id` int(11) NOT NULL,
  `item_sku` char(50) NOT NULL,
  `item_weight` float NOT NULL DEFAULT 0,
  `item_l` float NOT NULL DEFAULT 0,
  `item_w` float NOT NULL DEFAULT 0,
  `item_h` float NOT NULL DEFAULT 0,
  `item_description` char(255) NOT NULL DEFAULT '',
  `item_price` int(11) NOT NULL,
  `item_image` char(150) NOT NULL DEFAULT ''
) ENGINE=InnoDB DEFAULT CHARSET=utf8;

--
-- Dumping data for table `item`
--

INSERT INTO `item` (`item_id`, `item_item_category_id`, `item_item_style_id`, `item_sku`, `item_weight`, `item_l`, `item_w`, `item_h`, `item_description`, `item_price`, `item_image`) VALUES
(9, 19, 1, 'SW-B09SR-F', 0, 0, 0, 0, '', 0, ''),
(13, 19, 1, 'SW-B15-F', 0, 0, 0, 0, '', 0, ''),
(18, 19, 1, 'SW-B12-F', 0, 0, 0, 0, '', 0, ''),
(19, 19, 1, 'SW-B18-F', 0, 0, 0, 0, '', 0, ''),
(20, 19, 1, 'SW-B21-F', 0, 0, 0, 0, '', 0, ''),
(21, 19, 1, 'SW-B24-F', 0, 0, 0, 0, '', 0, ''),
(22, 19, 1, 'SW-B27-F', 11, 0, 0, 0, '', 1300, ''),
(23, 19, 1, 'SW-B30-F', 0, 0, 0, 0, '', 0, ''),
(24, 19, 1, 'SW-B33-F', 0, 0, 0, 0, '', 0, ''),
(25, 19, 1, 'SW-B36-F', 0, 0, 0, 0, '', 0, ''),
(26, 19, 1, 'SW-DB12(3D)-F', 0, 0, 0, 0, '', 0, ''),
(27, 19, 1, 'SW-DB15(3D)-F', 0, 0, 0, 0, '', 0, ''),
(28, 19, 1, 'SW-DB18(3D)-F', 0, 0, 0, 0, '', 0, ''),
(29, 19, 1, 'SW-DB21(3D)-F', 0, 0, 0, 0, '', 0, ''),
(30, 19, 1, 'SW-DB24(3D)-F', 0, 0, 0, 0, '', 0, ''),
(31, 19, 1, 'SW-DB27(3D)-F', 0, 0, 0, 0, '', 0, ''),
(32, 19, 1, 'SW-DB30(3D)-F', 0, 0, 0, 0, '', 0, ''),
(33, 19, 1, 'SW-DB33(3D)-F', 0, 0, 0, 0, '', 0, ''),
(34, 19, 1, 'SW-DB36(3D)-F', 0, 0, 0, 0, '', 0, ''),
(35, 25, 1, 'SW-VDB12(3D)', 0, 0, 0, 0, '', 0, ''),
(36, 25, 1, 'SW-VDB15(3D)', 0, 0, 0, 0, '', 0, ''),
(37, 25, 1, 'SW-VDB18(3D)', 0, 0, 0, 0, '', 0, ''),
(38, 25, 1, 'SW-VDB21(3D)', 0, 0, 0, 0, '', 0, ''),
(39, 25, 1, 'SW-VDB24(3D)', 0, 0, 0, 0, '', 0, ''),
(40, 25, 1, 'SW-VDB27(3D)', 0, 0, 0, 0, '', 0, ''),
(41, 25, 1, 'SW-VDB30(3D)', 0, 0, 0, 0, '', 0, ''),
(42, 25, 1, 'SW-VDB33(3D)', 0, 0, 0, 0, '', 0, ''),
(43, 25, 1, 'SW-VDB36(3D)', 0, 0, 0, 0, '', 0, ''),
(44, 25, 1, 'SW-VSB24', 0, 0, 0, 0, '', 0, ''),
(45, 25, 1, 'SW-VSB27', 0, 0, 0, 0, '', 0, ''),
(46, 25, 1, 'SW-VSB30', 0, 0, 0, 0, '', 0, ''),
(47, 25, 1, 'SW-VSB33', 0, 0, 0, 0, '', 0, ''),
(48, 25, 1, 'SW-VSB36', 0, 0, 0, 0, '', 0, ''),
(49, 25, 1, 'SW-VSD30(L/R)', 0, 0, 0, 0, '', 0, ''),
(50, 25, 1, 'SW-VSD36(L/R)', 0, 0, 0, 0, '', 0, ''),
(51, 25, 1, 'SW-VSD42(L/R)', 0, 0, 0, 0, '', 0, ''),
(52, 19, 1, 'SW-BLB39/42-F', 0, 0, 0, 0, '', 0, ''),
(53, 19, 1, 'SW-BLB42/45-F', 0, 0, 0, 0, '', 0, ''),
(54, 19, 1, 'SW-LSB33-F', 0, 0, 0, 0, '', 0, ''),
(55, 19, 1, 'SW-LSB36-F', 0, 0, 0, 0, '', 0, ''),
(56, 19, 1, 'SW-BMC30-F', 0, 0, 0, 0, '', 0, ''),
(57, 20, 1, 'SW-W1212-F', 0, 0, 0, 0, '', 0, ''),
(58, 20, 1, 'SW-W1512-F', 0, 0, 0, 0, '', 0, ''),
(59, 20, 1, 'SW-W1812-F', 0, 0, 0, 0, '', 0, ''),
(60, 20, 1, 'SW-W2112-F', 0, 0, 0, 0, '', 0, ''),
(61, 20, 1, 'SW-W2412-F', 0, 0, 0, 0, '', 0, ''),
(62, 20, 1, 'SW-W2712-F', 0, 0, 0, 0, '', 0, ''),
(63, 20, 1, 'SW-W3012-F', 0, 0, 0, 0, '', 0, ''),
(64, 20, 1, 'SW-W3312-F', 0, 0, 0, 0, '', 0, ''),
(65, 20, 1, 'SW-W3612-F', 0, 0, 0, 0, '', 0, ''),
(66, 20, 1, 'SW-W3015-F', 0, 0, 0, 0, '', 0, ''),
(67, 20, 1, 'SW-W3315-F', 0, 0, 0, 0, '', 0, ''),
(68, 20, 1, 'SW-W3615-F', 0, 0, 0, 0, '', 0, ''),
(69, 20, 1, 'SW-W2418-F', 0, 0, 0, 0, '', 0, ''),
(70, 20, 1, 'SW-W2718-F', 0, 0, 0, 0, '', 0, ''),
(71, 20, 1, 'SW-W3018-F', 0, 0, 0, 0, '', 0, ''),
(72, 20, 1, 'SW-W3318-F', 0, 0, 0, 0, '', 0, ''),
(73, 20, 1, 'SW-W3618-F', 0, 0, 0, 0, '', 0, ''),
(74, 20, 1, 'SW-W2421-F', 0, 0, 0, 0, '', 0, ''),
(75, 20, 1, 'SW-W2721-F', 0, 0, 0, 0, '', 0, ''),
(76, 20, 1, 'SW-W3021-F', 0, 0, 0, 0, '', 0, ''),
(77, 20, 1, 'SW-W3321-F', 0, 0, 0, 0, '', 0, ''),
(78, 20, 1, 'SW-W3621-F', 0, 0, 0, 0, '', 0, ''),
(79, 20, 1, 'SW-W3024-F', 0, 0, 0, 0, '', 0, ''),
(80, 20, 1, 'SW-W3324-F', 0, 0, 0, 0, '', 0, ''),
(81, 20, 1, 'SW-W3624-F', 0, 0, 0, 0, '', 0, ''),
(82, 20, 1, 'SW-W0930-F', 0, 0, 0, 0, '', 0, ''),
(83, 20, 1, 'SW-W1230-F', 0, 0, 0, 0, '', 122200, ''),
(84, 20, 1, 'SW-W1530-F', 0, 0, 0, 0, '', 0, ''),
(85, 20, 1, 'SW-W1830-F', 0, 0, 0, 0, '', 0, ''),
(86, 20, 1, 'SW-W2130-F', 0, 0, 0, 0, '', 0, ''),
(87, 20, 1, 'SW-W2430-F', 0, 0, 0, 0, '', 0, ''),
(88, 20, 1, 'SW-W2730-F', 0, 0, 0, 0, '', 0, ''),
(89, 20, 1, 'SW-W3030-F', 0, 0, 0, 0, '', 0, ''),
(90, 20, 1, 'SW-W3330-F', 0, 0, 0, 0, '', 0, ''),
(91, 20, 1, 'SW-W3630-F', 0, 0, 0, 0, '', 0, ''),
(92, 20, 1, 'SW-W3930-F', 0, 0, 0, 0, '', 0, ''),
(93, 20, 1, 'SW-W4230-F', 0, 0, 0, 0, '', 0, ''),
(94, 20, 1, 'SW-W0936-F', 0, 0, 0, 0, '', 0, ''),
(95, 20, 1, 'SW-W1236-F', 0, 0, 0, 0, '', 0, ''),
(96, 20, 1, 'SW-W1536-F', 0, 0, 0, 0, '', 0, ''),
(97, 20, 1, 'SW-W1836-F', 0, 0, 0, 0, '', 0, ''),
(98, 20, 1, 'SW-W2136-F', 0, 0, 0, 0, '', 0, ''),
(99, 20, 1, 'SW-W2436-F', 0, 0, 0, 0, '', 0, ''),
(100, 20, 1, 'SW-W2736-F', 0, 0, 0, 0, '', 0, ''),
(101, 20, 1, 'SW-W3036-F', 0, 0, 0, 0, '', 0, ''),
(102, 20, 1, 'SW-W3336-F', 0, 0, 0, 0, '', 0, ''),
(103, 20, 1, 'SW-W3636-F', 0, 0, 0, 0, '', 0, ''),
(104, 20, 1, 'SW-W3936-F', 0, 0, 0, 0, '', 0, ''),
(105, 20, 1, 'SW-W4236-F', 0, 0, 0, 0, '', 0, ''),
(106, 20, 1, 'SW-W0942-F', 0, 0, 0, 0, '', 0, ''),
(107, 20, 1, 'SW-W1242-F', 0, 0, 0, 0, '', 0, ''),
(108, 20, 1, 'SW-W1542-F', 0, 0, 0, 0, '', 0, ''),
(109, 20, 1, 'SW-W1842-F', 0, 0, 0, 0, '', 0, ''),
(110, 20, 1, 'SW-W2142-F', 0, 0, 0, 0, '', 0, ''),
(111, 20, 1, 'SW-W2442-F', 0, 0, 0, 0, '', 0, ''),
(112, 20, 1, 'SW-W2742-F', 0, 0, 0, 0, '', 0, ''),
(113, 20, 1, 'SW-W3042-F', 0, 0, 0, 0, '', 0, ''),
(114, 20, 1, 'SW-W3342-F', 0, 0, 0, 0, '', 0, ''),
(115, 20, 1, 'SW-W3642-F', 0, 0, 0, 0, '', 0, ''),
(116, 20, 1, 'SW-W3942-F', 0, 0, 0, 0, '', 0, ''),
(117, 20, 1, 'SW-W4242-F', 0, 0, 0, 0, '', 0, ''),
(118, 20, 1, 'SW-WDC2412-F', 0, 0, 0, 0, '', 0, ''),
(119, 20, 1, 'SW-WDC2430-F', 0, 0, 0, 0, '', 0, ''),
(120, 20, 1, 'SW-WDC2436-F', 0, 0, 0, 0, '', 0, ''),
(121, 20, 1, 'SW-WDC2442-F', 0, 0, 0, 0, '', 0, ''),
(122, 20, 1, 'SW-WOE1230', 0, 0, 0, 0, '', 0, ''),
(123, 20, 1, 'SW-WOE1236', 0, 0, 0, 0, '', 0, ''),
(124, 20, 1, 'SW-WOE1242', 0, 0, 0, 0, '', 0, ''),
(125, 20, 1, 'SW-WMO2430', 0, 0, 0, 0, '', 0, ''),
(126, 20, 2, 'SW-WMO2730', 0, 0, 0, 0, '', 0, ''),
(127, 20, 1, 'SW-WMO3030', 0, 0, 0, 0, '', 0, ''),
(128, 20, 1, 'SW-WMO2436', 0, 0, 0, 0, '', 0, ''),
(129, 20, 1, 'SW-WMO2736', 0, 0, 0, 0, '', 0, ''),
(130, 20, 1, 'SW-WMO3036', 0, 0, 0, 0, '', 0, ''),
(131, 20, 1, 'SW-WMO2442', 0, 0, 0, 0, '', 0, ''),
(132, 20, 1, 'SW-WMO2742', 0, 0, 0, 0, '', 0, ''),
(133, 20, 1, 'SW-WMO3042', 0, 0, 0, 0, '', 0, ''),
(134, 22, 1, 'SW-TP1584-F', 0, 0, 0, 0, '', 0, ''),
(135, 22, 1, 'SW-TP1884-F', 0, 0, 0, 0, '', 0, ''),
(136, 22, 1, 'SW-TP2484-F', 0, 0, 0, 0, '', 0, ''),
(137, 22, 1, 'SW-TP3084-F', 0, 0, 0, 0, '', 0, ''),
(138, 22, 1, 'SW-TP1590-F', 0, 0, 0, 0, '', 0, ''),
(139, 22, 1, 'SW-TP1890-F', 0, 0, 0, 0, '', 0, ''),
(140, 22, 1, 'SW-TP2490-F', 0, 0, 0, 0, '', 0, ''),
(141, 22, 1, 'SW-TP3090-F', 0, 0, 0, 0, '', 0, ''),
(142, 22, 1, 'SW-TP1596-F', 0, 0, 0, 0, '', 0, ''),
(143, 22, 1, 'SW-TP1896-F', 0, 0, 0, 0, '', 0, ''),
(144, 22, 1, 'SW-TP2496-F', 0, 0, 0, 0, '', 0, ''),
(145, 22, 1, 'SW-TP3096-F', 0, 0, 0, 0, '', 0, ''),
(147, 23, 1, 'SW-WR1818', 0, 0, 0, 0, '', 0, ''),
(148, 23, 1, 'SW-WR3018', 0, 0, 0, 0, '', 0, ''),
(149, 23, 1, 'SW-WR3618', 0, 0, 0, 0, '', 0, ''),
(150, 23, 1, 'SW-SGH30', 0, 0, 0, 0, '', 0, ''),
(151, 23, 1, 'SW-SGH36', 0, 0, 0, 0, '', 0, ''),
(152, 24, 1, 'SW-RHA363021', 0, 0, 0, 0, '', 0, ''),
(153, 24, 1, 'SW-RHA423021', 0, 0, 0, 0, '', 0, ''),
(154, 26, 1, 'SW-WP1230', 0, 0, 0, 0, '', 0, ''),
(155, 26, 1, 'SW-WP1530', 0, 0, 0, 0, '', 0, ''),
(156, 26, 1, 'SW-WP1830', 0, 0, 0, 0, '', 0, ''),
(157, 26, 1, 'SW-WP2130', 0, 0, 0, 0, '', 0, ''),
(158, 26, 1, 'SW-WP2430', 0, 0, 0, 0, '', 0, ''),
(159, 26, 1, 'SW-WP-VDD', 0, 0, 0, 0, '', 0, ''),
(160, 26, 1, 'SW-WP-BASE', 0, 0, 0, 0, '', 0, ''),
(161, 26, 1, 'SW-WP-W12', 0, 0, 0, 0, '', 0, ''),
(162, 26, 1, 'SW-WP-W30', 0, 0, 0, 0, '', 0, ''),
(163, 26, 1, 'SW-WP-W36', 0, 0, 0, 0, '', 0, ''),
(164, 26, 1, 'SW-WP-W42', 0, 0, 0, 0, '', 0, ''),
(165, 26, 1, 'SW-WP-T84', 0, 0, 0, 0, '', 0, ''),
(166, 26, 1, 'SW-WP-T90', 0, 0, 0, 0, '', 0, ''),
(167, 26, 1, 'SW-WP-T96', 0, 0, 0, 0, '', 0, ''),
(168, 27, 1, 'SW-DWR3', 0, 0, 0, 0, '', 0, ''),
(169, 27, 1, 'SW-RRP9627(3/4)', 0, 0, 0, 0, '', 0, ''),
(170, 27, 1, 'SW-RRP8427(3)', 0, 0, 0, 0, '', 0, ''),
(171, 27, 1, 'SW-RRP9027(3)', 0, 0, 0, 0, '', 0, ''),
(172, 22, 1, 'SW-RRP9627(3)', 0, 0, 0, 0, '', 0, ''),
(173, 27, 1, 'SW-BP3696', 0, 0, 0, 0, '', 0, ''),
(174, 27, 1, 'SW-BP4896', 0, 0, 0, 0, '', 0, ''),
(175, 27, 1, 'SW-BS24', 0, 0, 0, 0, '', 0, ''),
(176, 27, 1, 'SW-WS1230', 0, 0, 0, 0, '', 0, ''),
(177, 27, 1, 'SW-WS1236', 0, 0, 0, 0, '', 0, ''),
(178, 27, 1, 'SW-WS1242', 0, 0, 0, 0, '', 0, ''),
(179, 27, 1, 'SW-WS1248', 0, 0, 0, 0, '', 0, ''),
(180, 27, 1, 'SW-WS1254', 0, 0, 0, 0, '', 0, ''),
(181, 27, 1, 'SW-TS2796', 0, 0, 0, 0, '', 0, ''),
(182, 27, 1, 'SW-TK8', 0, 0, 0, 0, '', 0, ''),
(183, 28, 1, 'SW-BBM1', 0, 0, 0, 0, '', 0, ''),
(184, 28, 1, 'SW-BBM2', 0, 0, 0, 0, '', 0, ''),
(185, 28, 1, 'SW-ICM8', 0, 0, 0, 0, '', 0, ''),
(186, 28, 1, 'SW-QRM8', 0, 0, 0, 0, '', 0, ''),
(187, 28, 1, 'SW-OCM8', 0, 0, 0, 0, '', 0, ''),
(188, 28, 1, 'SW-SM8-S', 0, 0, 0, 0, '', 0, ''),
(189, 28, 1, 'SW-SM8-D', 0, 0, 0, 0, '', 0, ''),
(190, 28, 1, 'SW-LRM1', 0, 0, 0, 0, '', 0, ''),
(191, 28, 1, 'SW-LRM2', 0, 0, 0, 0, '', 0, ''),
(192, 28, 1, 'SW-CM-1', 0, 0, 0, 0, '', 0, ''),
(193, 28, 1, 'SW-CM-1B', 0, 0, 0, 0, '', 0, ''),
(194, 28, 1, 'SW-CM-3', 0, 0, 0, 0, '', 0, ''),
(195, 28, 1, 'SW-CM-3B', 0, 0, 0, 0, '', 0, ''),
(196, 28, 1, 'SW-CM-4', 0, 0, 0, 0, '', 0, ''),
(197, 28, 1, 'SW-CM-4B', 0, 0, 0, 0, '', 0, ''),
(198, 28, 1, 'SW-CM-6', 0, 0, 0, 0, '', 0, ''),
(199, 28, 1, 'SW-CM-6B', 0, 0, 0, 0, '', 0, ''),
(200, 27, 1, 'SW-WF330', 0, 0, 0, 0, '', 0, ''),
(201, 27, 1, 'SW-WF336', 0, 0, 0, 0, '', 0, ''),
(202, 27, 1, 'SW-WF342', 0, 0, 0, 0, '', 0, ''),
(203, 27, 1, 'SW-WF630', 0, 0, 0, 0, '', 0, ''),
(204, 27, 1, 'SW-WF636', 0, 0, 0, 0, '', 0, ''),
(205, 27, 1, 'SW-WF642', 0, 0, 0, 0, '', 0, ''),
(206, 27, 1, 'SW-TF396', 0, 0, 0, 0, '', 0, ''),
(207, 27, 1, 'SW-TF696', 0, 0, 0, 0, '', 0, ''),
(208, 27, 1, 'SW-BF3', 0, 0, 0, 0, '', 0, ''),
(209, 27, 1, 'SW-BF6', 0, 0, 0, 0, '', 0, ''),
(210, 27, 1, 'SW-BFF3', 0, 0, 0, 0, '', 0, ''),
(211, 27, 1, 'SW-WFF330', 0, 0, 0, 0, '', 0, ''),
(212, 27, 1, 'SW-WFF336', 0, 0, 0, 0, '', 0, ''),
(213, 27, 1, 'SW-WFF342', 0, 0, 0, 0, '', 0, ''),
(214, 27, 1, 'SW-WFF384', 0, 0, 0, 0, '', 0, ''),
(215, 27, 1, 'SW-WFF390', 0, 0, 0, 0, '', 0, ''),
(216, 27, 1, 'SW-WFF396', 0, 0, 0, 0, '', 0, ''),
(217, 29, 1, 'SW-VA36', 0, 0, 0, 0, '', 0, ''),
(218, 29, 1, 'SW-VA42', 0, 0, 0, 0, '', 0, ''),
(219, 29, 1, 'SW-VARP36', 0, 0, 0, 0, '', 0, ''),
(220, 29, 1, 'SW-VARP48', 0, 0, 0, 0, '', 0, ''),
(221, 29, 1, 'SW-VARP54', 0, 0, 0, 0, '', 0, ''),
(222, 30, 1, 'SW-CML', 0, 0, 0, 0, '', 0, ''),
(223, 30, 1, 'SW-SP36', 0, 0, 0, 0, '', 0, ''),
(224, 30, 1, 'SW-PP-BASE', 0, 0, 0, 0, '', 0, ''),
(225, 30, 1, 'SW-PP-T84', 0, 0, 0, 0, '', 0, ''),
(226, 30, 1, 'SW-PP-T90', 0, 0, 0, 0, '', 0, ''),
(227, 30, 1, 'SW-PP-T96', 0, 0, 0, 0, '', 0, ''),
(228, 21, 1, 'SW-SD-1', 0, 0, 0, 0, '', 0, ''),
(229, 21, 1, 'SW-SD-2', 0, 0, 0, 0, '', 0, ''),
(230, 19, 6, 'B09FD-BOX', 0, 0, 0, 0, '', 0, ''),
(231, 19, 6, 'B09SR-BOX', 0, 0, 0, 0, '', 0, ''),
(232, 19, 6, 'B12-BOX', 0, 0, 0, 0, '', 0, ''),
(233, 19, 6, 'B15-BOX', 0, 0, 0, 0, '', 0, ''),
(234, 19, 6, 'B18-BOX', 0, 0, 0, 0, '', 0, ''),
(235, 19, 6, 'B21-BOX', 0, 0, 0, 0, '', 10000, ''),
(236, 19, 6, 'B24-BOX', 0, 0, 0, 0, '', 0, ''),
(237, 19, 6, 'B27-BOX', 0, 0, 0, 0, '', 1199, ''),
(238, 19, 6, 'B30-BOX', 0, 0, 0, 0, '', 0, ''),
(239, 19, 6, 'B33-BOX', 0, 0, 0, 0, '', 0, ''),
(240, 19, 6, 'B36-BOX', 0, 0, 0, 0, '', 0, ''),
(241, 19, 6, 'SB24-BOX', 0, 0, 0, 0, '', 0, ''),
(242, 19, 6, 'SB27-BOX', 0, 0, 0, 0, '', 1233, ''),
(243, 19, 6, 'SB30-BOX', 0, 0, 0, 0, '', 0, ''),
(244, 19, 6, 'SB33-BOX', 0, 0, 0, 0, '', 0, ''),
(245, 19, 6, 'SB36-BOX', 0, 0, 0, 0, '', 0, ''),
(246, 19, 6, 'DB12(3D)-BOX', 0, 0, 0, 0, '', 0, ''),
(247, 19, 6, 'DB15(3D)-BOX', 0, 0, 0, 0, '', 0, ''),
(248, 19, 6, 'DB18(3D)-BOX', 0, 0, 0, 0, '', 0, ''),
(249, 19, 6, 'DB21(3D)-BOX', 0, 0, 0, 0, '', 0, ''),
(250, 19, 6, 'DB24(3D)-BOX', 0, 0, 0, 0, '', 0, ''),
(251, 19, 6, 'DB27(3D)-BOX', 0, 0, 0, 0, '', 0, ''),
(252, 19, 6, 'DB30(3D)-BOX', 0, 0, 0, 0, '', 0, ''),
(253, 19, 6, 'DB33(3D)-BOX', 0, 0, 0, 0, '', 0, ''),
(254, 19, 6, 'DB36(3D)-BOX', 0, 0, 0, 0, '', 0, ''),
(255, 19, 6, 'BLB39/42-BOX', 0, 0, 0, 0, '', 0, ''),
(256, 19, 6, 'BLB42/45-BOX', 0, 0, 0, 0, '', 0, ''),
(257, 19, 6, 'LSB33-BOX', 0, 0, 0, 0, '', 0, ''),
(258, 19, 6, 'LSB36-BOX', 0, 0, 0, 0, '', 0, ''),
(259, 19, 6, 'BMC30-BOX', 0, 0, 0, 0, '', 0, ''),
(260, 20, 6, 'W1212-BOX', 0, 0, 0, 0, '', 0, ''),
(261, 20, 6, 'W1512-BOX', 0, 0, 0, 0, '', 0, ''),
(262, 20, 6, 'W1812-BOX', 0, 0, 0, 0, '', 0, ''),
(263, 20, 6, 'W2112-BOX', 0, 0, 0, 0, '', 0, ''),
(264, 20, 6, 'W2412-BOX', 0, 0, 0, 0, '', 0, ''),
(265, 20, 6, 'W2712-BOX', 0, 0, 0, 0, '', 0, ''),
(266, 20, 6, 'W3012-BOX', 0, 0, 0, 0, '', 0, ''),
(267, 20, 6, 'W301227-BOX', 0, 0, 0, 0, '', 0, ''),
(268, 20, 6, 'W3312-BOX', 0, 0, 0, 0, '', 0, ''),
(269, 20, 6, 'W331227-BOX', 0, 0, 0, 0, '', 0, ''),
(270, 20, 6, 'W3612-BOX', 0, 0, 0, 0, '', 0, ''),
(271, 20, 6, 'W361227-BOX', 0, 0, 0, 0, '', 0, ''),
(272, 20, 6, 'W1215-BOX', 0, 0, 0, 0, '', 0, ''),
(273, 20, 6, 'W1515-BOX', 0, 0, 0, 0, '', 0, ''),
(274, 20, 6, 'W1815-BOX', 0, 0, 0, 0, '', 0, ''),
(275, 20, 6, 'W2115-BOX', 0, 0, 0, 0, '', 0, ''),
(276, 20, 6, 'W2415-BOX', 0, 0, 0, 0, '', 0, ''),
(277, 20, 6, 'W2715-BOX', 0, 0, 0, 0, '', 0, ''),
(278, 20, 6, 'W3015-BOX', 0, 0, 0, 0, '', 0, ''),
(279, 20, 6, 'W3315-BOX', 0, 0, 0, 0, '', 0, ''),
(280, 20, 6, 'W331527-BOX', 0, 0, 0, 0, '', 0, ''),
(281, 20, 6, 'W3615-BOX', 0, 0, 0, 0, '', 0, ''),
(282, 20, 6, 'W361527-BOX', 0, 0, 0, 0, '', 0, ''),
(283, 20, 6, 'W2418-BOX', 0, 0, 0, 0, '', 0, ''),
(284, 20, 6, 'W2718-BOX', 0, 0, 0, 0, '', 0, ''),
(285, 20, 6, 'W3018-BOX', 0, 0, 0, 0, '', 0, ''),
(286, 20, 6, 'W301827-BOX', 0, 0, 0, 0, '', 0, ''),
(287, 20, 6, 'W3318-BOX', 0, 0, 0, 0, '', 0, ''),
(288, 20, 6, 'W331827-BOX', 0, 0, 0, 0, '', 0, ''),
(289, 20, 6, 'W3618-BOX', 0, 0, 0, 0, '', 0, ''),
(290, 20, 6, 'W361827-BOX', 0, 0, 0, 0, '', 0, ''),
(291, 20, 6, 'W2421-BOX', 0, 0, 0, 0, '', 0, ''),
(292, 20, 6, 'W2721-BOX', 0, 0, 0, 0, '', 0, ''),
(293, 20, 6, 'W3021-BOX', 0, 0, 0, 0, '', 0, ''),
(294, 20, 6, 'W302127-BOX', 0, 0, 0, 0, '', 0, ''),
(295, 20, 6, 'W3321-BOX', 0, 0, 0, 0, '', 0, ''),
(296, 20, 6, 'W332127-BOX', 0, 0, 0, 0, '', 0, ''),
(297, 20, 6, 'W3621-BOX', 0, 0, 0, 0, '', 0, ''),
(298, 20, 6, 'W362127-BOX', 0, 0, 0, 0, '', 0, ''),
(299, 20, 6, 'W3024-BOX', 0, 0, 0, 0, '', 0, ''),
(301, 20, 6, 'W302427-BOX', 0, 0, 0, 0, '', 0, ''),
(302, 20, 6, 'W3324-BOX', 0, 0, 0, 0, '', 0, ''),
(303, 20, 6, 'W332427-BOX', 0, 0, 0, 0, '', 0, ''),
(304, 20, 6, 'W3624-BOX', 0, 0, 0, 0, '', 0, ''),
(305, 20, 6, 'W362427-BOX', 0, 0, 0, 0, '', 0, ''),
(306, 20, 6, 'W0930-BOX', 0, 0, 0, 0, '', 0, ''),
(307, 20, 6, 'W1230-BOX', 0, 0, 0, 0, '', 5900, ''),
(308, 20, 6, 'W1530-BOX', 0, 0, 0, 0, '', 0, ''),
(309, 20, 6, 'W1830-BOX', 0, 0, 0, 0, '', 0, ''),
(310, 20, 6, 'W2130-BOX', 0, 0, 0, 0, '', 0, ''),
(311, 20, 6, 'W2430-BOX', 0, 0, 0, 0, '', 0, ''),
(312, 20, 6, 'W2730-BOX', 0, 0, 0, 0, '', 0, ''),
(313, 20, 6, 'W3030-BOX', 0, 0, 0, 0, '', 0, ''),
(314, 20, 6, 'W3330-BOX', 0, 0, 0, 0, '', 0, ''),
(315, 20, 6, 'W3630-BOX', 0, 0, 0, 0, '', 0, ''),
(316, 20, 6, 'W3930-BOX', 0, 0, 0, 0, '', 0, ''),
(317, 20, 6, 'W4230-BOX', 0, 0, 0, 0, '', 0, ''),
(318, 20, 6, 'W0936-BOX', 0, 0, 0, 0, '', 0, ''),
(319, 20, 6, 'W1236-BOX', 0, 0, 0, 0, '', 0, ''),
(320, 20, 6, 'W1536-BOX', 0, 0, 0, 0, '', 0, ''),
(321, 20, 6, 'W1836-BOX', 0, 0, 0, 0, '', 0, ''),
(322, 20, 6, 'W2136-BOX', 0, 0, 0, 0, '', 0, ''),
(323, 20, 6, 'W2436-BOX', 0, 0, 0, 0, '', 0, ''),
(324, 20, 6, 'W2736-BOX', 0, 0, 0, 0, '', 0, ''),
(325, 20, 6, 'W3036-BOX', 0, 0, 0, 0, '', 0, ''),
(326, 20, 6, 'W3336-BOX', 0, 0, 0, 0, '', 0, ''),
(327, 20, 6, 'W3636-BOX', 0, 0, 0, 0, '', 0, ''),
(328, 20, 6, 'W3936-BOX', 0, 0, 0, 0, '', 0, ''),
(329, 20, 6, 'W4236-BOX', 0, 0, 0, 0, '', 0, ''),
(330, 20, 6, 'W0942-BOX', 0, 0, 0, 0, '', 0, ''),
(331, 20, 6, 'W1242-BOX', 0, 0, 0, 0, '', 0, ''),
(332, 20, 6, 'W1542-BOX', 0, 0, 0, 0, '', 0, ''),
(333, 20, 6, 'W1842-BOX', 0, 0, 0, 0, '', 0, ''),
(334, 20, 6, 'W2142-BOX', 0, 0, 0, 0, '', 0, ''),
(335, 20, 6, 'W2442-BOX', 0, 0, 0, 0, '', 0, ''),
(336, 20, 6, 'W2742-BOX', 0, 0, 0, 0, '', 0, ''),
(337, 20, 6, 'W3042-BOX', 0, 0, 0, 0, '', 0, ''),
(338, 20, 6, 'W3342-BOX', 0, 0, 0, 0, '', 0, ''),
(339, 20, 6, 'W3642-BOX', 0, 0, 0, 0, '', 0, ''),
(340, 20, 6, 'W3942-BOX', 0, 0, 0, 0, '', 0, ''),
(341, 20, 6, 'W4242-BOX', 0, 0, 0, 0, '', 0, ''),
(342, 20, 6, 'WDC2412-BOX', 0, 0, 0, 0, '', 0, ''),
(343, 20, 6, 'WDC2430-BOX', 0, 0, 0, 0, '', 0, ''),
(344, 20, 6, 'WDC2436-BOX', 0, 0, 0, 0, '', 0, ''),
(345, 20, 6, 'WDC2442-BOX', 0, 0, 0, 0, '', 0, ''),
(346, 22, 6, 'TP158427-BOX', 0, 0, 0, 0, '', 0, ''),
(347, 22, 6, 'TP188427-BOX', 0, 0, 0, 0, '', 0, ''),
(348, 22, 6, 'TP248427-BOX', 0, 0, 0, 0, '', 0, ''),
(349, 22, 6, 'TP308427-BOX', 0, 0, 0, 0, '', 0, ''),
(350, 22, 6, 'TP159027-BOX', 0, 0, 0, 0, '', 0, ''),
(351, 22, 6, 'TP189027-BOX', 0, 0, 0, 0, '', 0, ''),
(352, 22, 6, 'TP249027-BOX', 0, 0, 0, 0, '', 0, ''),
(353, 22, 6, 'TP309027-BOX', 0, 0, 0, 0, '', 0, ''),
(354, 22, 6, 'TP159627-BOX', 0, 0, 0, 0, '', 0, ''),
(355, 22, 6, 'TP189627-BOX', 0, 0, 0, 0, '', 0, ''),
(356, 22, 6, 'TP249627-BOX', 0, 0, 0, 0, '', 0, ''),
(357, 22, 6, 'TP309627-BOX', 0, 0, 0, 0, '', 0, ''),
(358, 22, 6, 'OC338427(3D)-BOX', 0, 0, 0, 0, '', 0, ''),
(359, 22, 6, 'OC339027(3D)-BOX', 0, 0, 0, 0, '', 0, ''),
(360, 22, 6, 'OC339627(3D)-BOX', 0, 0, 0, 0, '', 0, ''),
(361, 19, 2, 'SG-B09-F', 0, 0, 0, 0, '', 0, ''),
(362, 19, 2, 'SG-B12-F', 0, 0, 0, 0, '', 0, ''),
(363, 19, 2, 'SG-B15-F', 0, 0, 0, 0, '', 0, ''),
(364, 19, 2, 'SG-B18-F', 0, 0, 0, 0, '', 0, ''),
(365, 19, 2, 'SG-B21-F', 0, 0, 0, 0, '', 0, ''),
(366, 19, 2, 'SG-B24-F', 0, 0, 0, 0, '', 0, ''),
(367, 19, 2, 'SG-B27-F', 0, 0, 0, 0, '', 0, ''),
(368, 20, 2, 'SG-B30-F', 0, 0, 0, 0, '', 0, ''),
(369, 19, 2, 'SG-B33-F', 0, 0, 0, 0, '', 0, ''),
(370, 19, 2, 'SG-B36-F', 0, 0, 0, 0, '', 0, ''),
(371, 19, 2, 'SG-DB12(3D)-F', 0, 0, 0, 0, '', 0, ''),
(372, 19, 2, 'SG-DB15(3D)-F', 0, 0, 0, 0, '', 0, ''),
(373, 20, 2, 'SG-DB18(3D)-F', 0, 0, 0, 0, '', 0, ''),
(374, 19, 2, 'SG-DB21(3D)-F', 0, 0, 0, 0, '', 0, ''),
(375, 19, 2, 'SG-DB24(3D)-F', 0, 0, 0, 0, '', 0, ''),
(376, 19, 2, 'SG-DB27(3D)-F', 0, 0, 0, 0, '', 0, ''),
(377, 20, 2, 'SG-DB30(3D)-F', 0, 0, 0, 0, '', 0, ''),
(378, 19, 2, 'SG-DB33(3D)-F', 0, 0, 0, 0, '', 0, ''),
(379, 19, 2, 'SG-DB36(3D)-F', 0, 0, 0, 0, '', 0, ''),
(380, 25, 2, 'SG-VDB12(3D)', 0, 0, 0, 0, '', 0, ''),
(381, 25, 2, 'SG-VDB15(3D)', 0, 0, 0, 0, '', 0, ''),
(382, 25, 2, 'SG-VDB18(3D)', 0, 0, 0, 0, '', 0, ''),
(383, 25, 2, 'SG-VDB21(3D)', 0, 0, 0, 0, '', 0, ''),
(384, 25, 2, 'SG-VDB24(3D)', 0, 0, 0, 0, '', 0, ''),
(385, 25, 2, 'SG-VDB27(3D)', 0, 0, 0, 0, '', 0, ''),
(386, 25, 2, 'SG-VDB30(3D)', 0, 0, 0, 0, '', 0, ''),
(387, 25, 2, 'SG-VDB33(3D)', 0, 0, 0, 0, '', 0, ''),
(388, 25, 2, 'SG-VDB36(3D)', 0, 0, 0, 0, '', 0, ''),
(389, 25, 2, 'SG-VSB24', 0, 0, 0, 0, '', 0, ''),
(390, 25, 2, 'SG-VSB27', 0, 0, 0, 0, '', 0, ''),
(391, 25, 2, 'SG-VSB30', 0, 0, 0, 0, '', 0, ''),
(392, 25, 2, 'SG-VSB33', 0, 0, 0, 0, '', 0, ''),
(393, 25, 2, 'SG-VSB36', 0, 0, 0, 0, '', 0, ''),
(394, 25, 2, 'SG-VSD30(L/R)', 0, 0, 0, 0, '', 0, ''),
(395, 25, 2, 'SG-VSD36(L/R)', 0, 0, 0, 0, '', 0, ''),
(396, 25, 2, 'SG-VSD42(L/R)', 0, 0, 0, 0, '', 0, ''),
(397, 19, 2, 'SG-BLB39/42-F', 0, 0, 0, 0, '', 0, ''),
(398, 19, 2, 'SG-BLB42/45-F', 0, 0, 0, 0, '', 0, ''),
(399, 19, 2, 'SG-LSB33-F', 0, 0, 0, 0, '', 0, ''),
(400, 19, 2, 'SG-LSB36-F', 0, 0, 0, 0, '', 0, ''),
(401, 19, 2, 'SG-BMC30-F', 0, 0, 0, 0, '', 0, ''),
(402, 20, 2, 'SG-W1212-F', 0, 0, 0, 0, '', 0, ''),
(403, 20, 2, 'SG-W1512-F', 0, 0, 0, 0, '', 0, ''),
(404, 20, 2, 'SG-W1812-F', 0, 0, 0, 0, '', 0, ''),
(405, 20, 2, 'SG-W2112-F', 0, 0, 0, 0, '', 0, ''),
(406, 20, 2, 'SG-W2412-F', 0, 0, 0, 0, '', 0, ''),
(407, 20, 2, 'SG-W2712-F', 0, 0, 0, 0, '', 0, ''),
(408, 20, 2, 'SG-W3012-F', 0, 0, 0, 0, '', 0, ''),
(409, 20, 2, 'SG-W3312-F', 0, 0, 0, 0, '', 0, ''),
(410, 20, 2, 'SG-W3612-F', 0, 0, 0, 0, '', 0, ''),
(411, 20, 2, 'SG-W3015-F', 0, 0, 0, 0, '', 0, ''),
(412, 20, 2, 'SG-W3315-F', 0, 0, 0, 0, '', 0, ''),
(413, 20, 2, 'SG-W3615-F', 0, 0, 0, 0, '', 0, ''),
(414, 20, 2, 'SG-W2418-F', 0, 0, 0, 0, '', 0, ''),
(415, 20, 2, 'SG-W2718-F', 0, 0, 0, 0, '', 0, ''),
(416, 20, 2, 'SG-W3018-F', 0, 0, 0, 0, '', 0, ''),
(417, 20, 2, 'SG-W3318-F', 0, 0, 0, 0, '', 0, ''),
(418, 20, 2, 'SG-W3618-F', 0, 0, 0, 0, '', 0, ''),
(419, 20, 2, 'SG-W2421-F', 0, 0, 0, 0, '', 0, ''),
(420, 20, 2, 'SG-W2721-F', 0, 0, 0, 0, '', 0, ''),
(421, 20, 2, 'SG-W3021-F', 0, 0, 0, 0, '', 0, ''),
(422, 20, 2, 'SG-W3321-F', 0, 0, 0, 0, '', 0, ''),
(423, 20, 2, 'SG-W3621-F', 0, 0, 0, 0, '', 0, ''),
(424, 20, 2, 'SG-W3024-F', 0, 0, 0, 0, '', 0, ''),
(425, 20, 2, 'SG-W3324-F', 0, 0, 0, 0, '', 0, ''),
(426, 20, 2, 'SG-W3624-F', 0, 0, 0, 0, '', 0, ''),
(427, 20, 2, 'SG-W0930-F', 0, 0, 0, 0, '', 0, ''),
(428, 20, 2, 'SG-W1230-F', 0, 0, 0, 0, '', 0, ''),
(429, 20, 2, 'SG-W1530-F', 0, 0, 0, 0, '', 0, ''),
(430, 20, 2, 'SG-W1830-F', 0, 0, 0, 0, '', 0, ''),
(431, 20, 2, 'SG-W2130-F', 0, 0, 0, 0, '', 0, ''),
(432, 20, 2, 'SG-W2430-F', 0, 0, 0, 0, '', 0, ''),
(433, 20, 2, 'SG-W2730-F', 0, 0, 0, 0, '', 0, ''),
(434, 20, 2, 'SG-W3030-F', 0, 0, 0, 0, '', 0, ''),
(435, 20, 2, 'SG-W3330-F', 0, 0, 0, 0, '', 0, ''),
(436, 20, 2, 'SG-W3630-F', 0, 0, 0, 0, '', 0, ''),
(437, 20, 2, 'SG-W3930-F', 0, 0, 0, 0, '', 0, ''),
(438, 20, 2, 'SG-W4230-F', 0, 0, 0, 0, '', 0, ''),
(439, 20, 2, 'SG-W0936-F', 0, 0, 0, 0, '', 0, ''),
(440, 20, 2, 'SG-W1236-F', 0, 0, 0, 0, '', 0, ''),
(441, 20, 2, 'SG-W1536-F', 0, 0, 0, 0, '', 0, ''),
(442, 20, 2, 'SG-W1836-F', 0, 0, 0, 0, '', 0, ''),
(443, 20, 2, 'SG-W2136-F', 0, 0, 0, 0, '', 0, ''),
(444, 20, 2, 'SG-W2436-F', 0, 0, 0, 0, '', 0, ''),
(445, 20, 2, 'SG-W2736-F', 0, 0, 0, 0, '', 0, ''),
(446, 20, 2, 'SG-W3036-F', 0, 0, 0, 0, '', 0, ''),
(447, 20, 2, 'SG-W3336-F', 0, 0, 0, 0, '', 0, ''),
(448, 20, 2, 'SG-W3636-F', 0, 0, 0, 0, '', 0, ''),
(449, 20, 2, 'SG-W3936-F', 0, 0, 0, 0, '', 0, ''),
(450, 20, 2, 'SG-W4236-F', 0, 0, 0, 0, '', 0, ''),
(451, 20, 2, 'SG-W0942-F', 0, 0, 0, 0, '', 0, ''),
(452, 20, 2, 'SG-W1242-F', 0, 0, 0, 0, '', 0, ''),
(453, 20, 2, 'SG-W1542-F', 0, 0, 0, 0, '', 0, ''),
(454, 20, 2, 'SG-W1842-F', 0, 0, 0, 0, '', 0, ''),
(455, 20, 2, 'SG-W2142-F', 0, 0, 0, 0, '', 0, ''),
(456, 20, 2, 'SG-W2442-F', 0, 0, 0, 0, '', 0, ''),
(457, 20, 2, 'SG-W2742-F', 0, 0, 0, 0, '', 0, ''),
(458, 20, 2, 'SG-W3042-F', 0, 0, 0, 0, '', 0, ''),
(459, 20, 2, 'SG-W3342-F', 0, 0, 0, 0, '', 0, ''),
(460, 20, 2, 'SG-W3642-F', 0, 0, 0, 0, '', 0, ''),
(461, 20, 2, 'SG-W3942-F', 0, 0, 0, 0, '', 0, ''),
(462, 20, 2, 'SG-W4242-F', 0, 0, 0, 0, '', 0, ''),
(463, 20, 2, 'SG-WDC2412-F', 0, 0, 0, 0, '', 0, ''),
(464, 20, 2, 'SG-WDC2430-F', 0, 0, 0, 0, '', 0, ''),
(465, 20, 2, 'SG-WDC2436-F', 0, 0, 0, 0, '', 0, ''),
(466, 20, 2, 'SG-WDC2442-F', 0, 0, 0, 0, '', 0, ''),
(467, 20, 2, 'SG-WOE1230', 0, 0, 0, 0, '', 0, ''),
(468, 20, 2, 'SG-WOE1236', 0, 0, 0, 0, '', 0, ''),
(469, 20, 2, 'SG-WOE1242', 0, 0, 0, 0, '', 0, ''),
(470, 20, 3, 'SG-WMO2430', 0, 0, 0, 0, '', 0, ''),
(471, 20, 2, 'SG-WMO2730', 0, 0, 0, 0, '', 0, ''),
(472, 20, 2, 'SG-WMO3030', 0, 0, 0, 0, '', 0, ''),
(473, 20, 2, 'SG-WMO2436', 0, 0, 0, 0, '', 0, ''),
(474, 20, 2, 'SG-WMO2736', 0, 0, 0, 0, '', 0, ''),
(475, 20, 2, 'SG-WMO3036', 0, 0, 0, 0, '', 0, ''),
(476, 21, 2, 'SG-WMO2442', 0, 0, 0, 0, '', 0, ''),
(477, 20, 2, 'SG-WMO2742', 0, 0, 0, 0, '', 0, ''),
(478, 20, 2, 'SG-WMO3042', 0, 0, 0, 0, '', 0, ''),
(479, 22, 2, 'SG-TP1584-F', 0, 0, 0, 0, '', 0, ''),
(480, 22, 2, 'SG-TP1884-F', 0, 0, 0, 0, '', 0, ''),
(481, 22, 2, 'SG-TP2484-F', 0, 0, 0, 0, '', 0, ''),
(482, 22, 2, 'SG-TP3084-F', 0, 0, 0, 0, '', 0, ''),
(483, 22, 2, 'SG-TP1590-F', 0, 0, 0, 0, '', 0, ''),
(484, 22, 2, 'SG-TP1890-F', 0, 0, 0, 0, '', 0, ''),
(485, 22, 2, 'SG-TP2490-F', 0, 0, 0, 0, '', 0, ''),
(486, 22, 2, 'SG-TP3090-F', 0, 0, 0, 0, '', 0, ''),
(487, 22, 2, 'SG-TP1596-F', 0, 0, 0, 0, '', 0, ''),
(488, 22, 2, 'SG-TP1896-F', 0, 0, 0, 0, '', 0, ''),
(489, 22, 2, 'SG-TP2496-F', 0, 0, 0, 0, '', 0, ''),
(490, 22, 2, 'SG-TP3096-F', 0, 0, 0, 0, '', 0, ''),
(491, 23, 2, 'SG-WR1818', 0, 0, 0, 0, '', 0, ''),
(492, 23, 2, 'SG-WR3018', 0, 0, 0, 0, '', 0, ''),
(493, 23, 2, 'SG-WR3618', 0, 0, 0, 0, '', 0, ''),
(494, 23, 2, 'SG-SGH30', 0, 0, 0, 0, '', 0, ''),
(495, 23, 2, 'SG-SGH36', 0, 0, 0, 0, '', 0, ''),
(496, 24, 2, 'SG-RHA363021', 0, 0, 0, 0, '', 0, ''),
(497, 24, 2, 'SG-RHA423021', 0, 0, 0, 0, '', 0, ''),
(498, 26, 2, 'SG-WP1230', 0, 0, 0, 0, '', 0, ''),
(499, 26, 2, 'SG-WP1530', 0, 0, 0, 0, '', 0, ''),
(500, 26, 2, 'SG-WP1830', 0, 0, 0, 0, '', 0, ''),
(501, 26, 2, 'SG-WP2130', 0, 0, 0, 0, '', 0, ''),
(502, 26, 2, 'SG-WP2430', 0, 0, 0, 0, '', 0, ''),
(503, 26, 2, 'SG-WP-VDD', 0, 0, 0, 0, '', 0, ''),
(504, 26, 2, 'SG-WP-BASE', 0, 0, 0, 0, '', 0, ''),
(505, 26, 2, 'SG-WP-W12', 0, 0, 0, 0, '', 0, ''),
(506, 26, 2, 'SG-WP-W30', 0, 0, 0, 0, '', 0, ''),
(507, 26, 2, 'SG-WP-W36', 0, 0, 0, 0, '', 0, ''),
(508, 26, 2, 'SG-WP-W42', 0, 0, 0, 0, '', 0, ''),
(509, 26, 2, 'SG-WP-T84', 0, 0, 0, 0, '', 0, ''),
(510, 26, 2, 'SG-WP-T90', 0, 0, 0, 0, '', 0, ''),
(511, 26, 2, 'SG-WP-T96', 0, 0, 0, 0, '', 0, ''),
(512, 27, 2, 'SG-DWR3', 0, 0, 0, 0, '', 0, ''),
(513, 27, 2, 'SG-RRP9627(3/4)', 0, 0, 0, 0, '', 0, ''),
(514, 27, 2, 'SG-RRP8427(3)', 0, 0, 0, 0, '', 0, ''),
(515, 27, 2, 'SG-RRP9027(3)', 0, 0, 0, 0, '', 0, ''),
(516, 27, 2, 'SG-RRP9627(3)', 0, 0, 0, 0, '', 0, ''),
(517, 27, 2, 'SG-BP3696', 0, 0, 0, 0, '', 0, ''),
(518, 27, 2, 'SG-BP4896', 0, 0, 0, 0, '', 0, ''),
(519, 27, 2, 'SG-BS24', 0, 0, 0, 0, '', 0, ''),
(520, 27, 2, 'SG-WS1230', 0, 0, 0, 0, '', 0, ''),
(521, 27, 2, 'SG-WS1236', 0, 0, 0, 0, '', 0, ''),
(522, 27, 2, 'SG-WS1242', 0, 0, 0, 0, '', 0, ''),
(523, 27, 2, 'SG-WS1248', 0, 0, 0, 0, '', 0, ''),
(524, 27, 2, 'SG-WS1254', 0, 0, 0, 0, '', 0, ''),
(525, 27, 2, 'SG-TS2796', 0, 0, 0, 0, '', 0, ''),
(526, 27, 2, 'SG-TK8', 0, 0, 0, 0, '', 0, ''),
(527, 28, 2, 'SG-BBM1', 0, 0, 0, 0, '', 0, ''),
(528, 28, 2, 'SG-BBM2', 0, 0, 0, 0, '', 0, ''),
(529, 28, 2, 'SG-ICM8', 0, 0, 0, 0, '', 0, ''),
(530, 28, 2, 'SG-QRM8', 0, 0, 0, 0, '', 0, ''),
(531, 28, 2, 'SG-OCM8', 0, 0, 0, 0, '', 0, ''),
(532, 28, 2, 'SG-SM8-S', 0, 0, 0, 0, '', 0, ''),
(533, 28, 2, 'SG-SM8-D', 0, 0, 0, 0, '', 0, ''),
(534, 28, 2, 'SG-LRM1', 0, 0, 0, 0, '', 0, ''),
(535, 28, 2, 'SG-LRM2', 0, 0, 0, 0, '', 0, ''),
(536, 28, 2, 'SG-CM-1', 0, 0, 0, 0, '', 0, ''),
(537, 28, 2, 'SG-CM-1B', 0, 0, 0, 0, '', 0, ''),
(538, 28, 2, 'SG-CM-3', 0, 0, 0, 0, '', 0, ''),
(539, 28, 2, 'SG-CM-3B', 0, 0, 0, 0, '', 0, ''),
(540, 28, 2, 'SG-CM-4', 0, 0, 0, 0, '', 0, ''),
(541, 28, 2, 'SG-CM-4B', 0, 0, 0, 0, '', 0, ''),
(542, 28, 2, 'SG-CM-6', 0, 0, 0, 0, '', 0, ''),
(543, 28, 2, 'SG-CM-6B', 0, 0, 0, 0, '', 0, ''),
(544, 27, 2, 'SG-WF330', 0, 0, 0, 0, '', 0, ''),
(545, 27, 2, 'SG-WF336', 0, 0, 0, 0, '', 0, ''),
(546, 27, 2, 'SG-WF342', 0, 0, 0, 0, '', 0, ''),
(547, 27, 2, 'SG-WF630', 0, 0, 0, 0, '', 0, ''),
(548, 27, 2, 'SG-WF636', 0, 0, 0, 0, '', 0, ''),
(549, 27, 2, 'SG-WF642', 0, 0, 0, 0, '', 0, ''),
(550, 27, 2, 'SG-TF396', 0, 0, 0, 0, '', 0, ''),
(551, 27, 2, 'SG-TF696', 0, 0, 0, 0, '', 0, ''),
(552, 27, 2, 'SG-BF3', 0, 0, 0, 0, '', 0, ''),
(553, 27, 2, 'SG-BF6', 0, 0, 0, 0, '', 0, ''),
(554, 28, 2, 'SG-BFF3', 0, 0, 0, 0, '', 0, ''),
(555, 27, 2, 'SG-WFF330', 0, 0, 0, 0, '', 0, ''),
(556, 27, 2, 'SG-WFF336', 0, 0, 0, 0, '', 0, ''),
(557, 27, 2, 'SG-WFF342', 0, 0, 0, 0, '', 0, ''),
(558, 27, 2, 'SG-WFF384', 0, 0, 0, 0, '', 0, ''),
(559, 27, 2, 'SG-WFF390', 0, 0, 0, 0, '', 0, ''),
(560, 27, 2, 'SG-WFF396', 0, 0, 0, 0, '', 0, ''),
(561, 29, 2, 'SG-VA36', 0, 0, 0, 0, '', 0, ''),
(562, 29, 2, 'SG-VA42', 0, 0, 0, 0, '', 0, ''),
(563, 29, 2, 'SG-VARP36', 0, 0, 0, 0, '', 0, ''),
(564, 29, 2, 'SG-VARP48', 0, 0, 0, 0, '', 0, ''),
(565, 29, 2, 'SG-VARP54', 0, 0, 0, 0, '', 0, ''),
(566, 30, 2, 'SG-CML', 0, 0, 0, 0, '', 0, ''),
(567, 30, 2, 'SG-SP36', 0, 0, 0, 0, '', 0, ''),
(568, 30, 2, 'SG-PP-BASE', 0, 0, 0, 0, '', 0, ''),
(569, 30, 2, 'SG-PP-T84', 0, 0, 0, 0, '', 0, ''),
(570, 30, 2, 'SG-PP-T90', 0, 0, 0, 0, '', 0, ''),
(571, 30, 2, 'SG-PP-T96', 0, 0, 0, 0, '', 0, ''),
(572, 21, 2, 'SG-SD-1', 0, 0, 0, 0, '', 0, ''),
(573, 21, 2, 'SG-SD-2', 0, 0, 0, 0, '', 0, ''),
(574, 19, 3, 'CC-B09-F', 0, 0, 0, 0, '', 0, ''),
(575, 19, 3, 'CC-B12-F', 0, 0, 0, 0, '', 0, ''),
(576, 19, 3, 'CC-B15-F', 0, 0, 0, 0, '', 0, ''),
(577, 19, 3, 'CC-B18-F', 0, 0, 0, 0, '', 0, ''),
(578, 19, 3, 'CC-B21-F', 0, 0, 0, 0, '', 0, ''),
(579, 19, 3, 'CC-B24-F', 0, 0, 0, 0, '', 0, ''),
(580, 19, 3, 'CC-B27-F', 0, 0, 0, 0, '', 0, ''),
(581, 19, 3, 'CC-B30-F', 0, 0, 0, 0, '', 0, ''),
(582, 19, 3, 'CC-B33-F', 0, 0, 0, 0, '', 0, ''),
(583, 19, 3, 'CC-B36-F', 0, 0, 0, 0, '', 0, ''),
(584, 19, 3, 'CC-DB12(3D)-F', 0, 0, 0, 0, '', 0, ''),
(585, 19, 3, 'CC-DB15(3D)-F', 0, 0, 0, 0, '', 0, ''),
(586, 19, 3, 'CC-DB18(3D)-F', 0, 0, 0, 0, '', 0, ''),
(587, 19, 3, 'CC-DB21(3D)-F', 0, 0, 0, 0, '', 0, ''),
(588, 19, 3, 'CC-DB24(3D)-F', 0, 0, 0, 0, '', 0, ''),
(589, 19, 3, 'CC-DB27(3D)-F', 0, 0, 0, 0, '', 0, ''),
(590, 19, 3, 'CC-DB30(3D)-F', 0, 0, 0, 0, '', 0, ''),
(591, 19, 3, 'CC-DB33(3D)-F', 0, 0, 0, 0, '', 0, ''),
(592, 19, 3, 'CC-DB36(3D)-F', 0, 0, 0, 0, '', 0, ''),
(593, 25, 3, 'CC-VDB12(3D)', 0, 0, 0, 0, '', 0, ''),
(594, 25, 3, 'CC-VDB15(3D)', 0, 0, 0, 0, '', 0, ''),
(595, 25, 3, 'CC-VDB18(3D)', 0, 0, 0, 0, '', 0, ''),
(596, 25, 3, 'CC-VDB21(3D)', 0, 0, 0, 0, '', 0, ''),
(597, 25, 3, 'CC-VDB24(3D)', 0, 0, 0, 0, '', 0, ''),
(598, 25, 3, 'CC-VDB27(3D)', 0, 0, 0, 0, '', 0, ''),
(599, 25, 3, 'CC-VDB30(3D)', 0, 0, 0, 0, '', 0, ''),
(600, 25, 3, 'CC-VDB33(3D)', 0, 0, 0, 0, '', 0, ''),
(601, 25, 3, 'CC-VDB36(3D)', 0, 0, 0, 0, '', 0, ''),
(602, 25, 3, 'CC-VSB24', 0, 0, 0, 0, '', 0, ''),
(603, 25, 3, 'CC-VSB27', 0, 0, 0, 0, '', 0, ''),
(604, 25, 3, 'CC-VSB30', 0, 0, 0, 0, '', 0, ''),
(605, 25, 3, 'CC-VSB33', 0, 0, 0, 0, '', 0, ''),
(606, 25, 3, 'CC-VSB36', 0, 0, 0, 0, '', 0, ''),
(607, 25, 3, 'CC-VSD30(L/R)', 0, 0, 0, 0, '', 0, ''),
(608, 25, 3, 'CC-VSD36(L/R)', 0, 0, 0, 0, '', 0, ''),
(609, 25, 3, 'CC-VSD42(L/R)', 0, 0, 0, 0, '', 0, ''),
(610, 19, 3, 'CC-BLB39/42-F', 0, 0, 0, 0, '', 0, ''),
(611, 19, 3, 'CC-BLB42/45-F', 0, 0, 0, 0, '', 0, ''),
(612, 19, 3, 'CC-LSB33-F', 0, 0, 0, 0, '', 0, ''),
(613, 19, 3, 'CC-LSB36-F', 0, 0, 0, 0, '', 0, ''),
(614, 19, 3, 'CC-BMC30-F', 0, 0, 0, 0, '', 0, ''),
(615, 20, 3, 'CC-W1212-F', 0, 0, 0, 0, '', 0, ''),
(616, 20, 3, 'CC-W1512-F', 0, 0, 0, 0, '', 0, ''),
(617, 20, 3, 'CC-W1812-F', 0, 0, 0, 0, '', 0, ''),
(618, 20, 3, 'CC-W2112-F', 0, 0, 0, 0, '', 0, ''),
(619, 20, 3, 'CC-W2412-F', 0, 0, 0, 0, '', 0, ''),
(620, 20, 3, 'CC-W2712-F', 0, 0, 0, 0, '', 0, ''),
(621, 20, 3, 'CC-W3012-F', 0, 0, 0, 0, '', 0, ''),
(622, 20, 3, 'CC-W3312-F', 0, 0, 0, 0, '', 0, ''),
(623, 20, 3, 'CC-W3612-F', 0, 0, 0, 0, '', 0, ''),
(624, 20, 3, 'CC-W3015-F', 0, 0, 0, 0, '', 0, ''),
(625, 20, 3, 'CC-W3315-F', 0, 0, 0, 0, '', 0, ''),
(626, 20, 3, 'CC-W3615-F', 0, 0, 0, 0, '', 0, ''),
(627, 20, 3, 'CC-W2418-F', 0, 0, 0, 0, '', 0, ''),
(628, 20, 3, 'CC-W2718-F', 0, 0, 0, 0, '', 0, ''),
(629, 20, 3, 'CC-W3018-F', 0, 0, 0, 0, '', 0, ''),
(630, 20, 3, 'CC-W3318-F', 0, 0, 0, 0, '', 0, ''),
(631, 20, 4, 'CC-W3618-F', 0, 0, 0, 0, '', 0, ''),
(632, 20, 3, 'CC-W2421-F', 0, 0, 0, 0, '', 0, ''),
(633, 20, 3, 'CC-W2721-F', 0, 0, 0, 0, '', 0, ''),
(634, 20, 3, 'CC-W3021-F', 0, 0, 0, 0, '', 0, ''),
(635, 20, 3, 'CC-W3321-F', 0, 0, 0, 0, '', 0, ''),
(636, 20, 3, 'CC-W3621-F', 0, 0, 0, 0, '', 0, ''),
(637, 20, 3, 'CC-W3024-F', 0, 0, 0, 0, '', 0, ''),
(638, 20, 3, 'CC-W3324-F', 0, 0, 0, 0, '', 0, ''),
(639, 20, 3, 'CC-W3624-F', 0, 0, 0, 0, '', 0, ''),
(640, 20, 3, 'CC-W0930-F', 0, 0, 0, 0, '', 0, ''),
(641, 20, 3, 'CC-W1230-F', 0, 0, 0, 0, '', 0, ''),
(642, 20, 3, 'CC-W1530-F', 0, 0, 0, 0, '', 0, ''),
(643, 20, 3, 'CC-W1830-F', 0, 0, 0, 0, '', 0, ''),
(644, 20, 3, 'CC-W2130-F', 0, 0, 0, 0, '', 0, ''),
(645, 20, 3, 'CC-W2430-F', 0, 0, 0, 0, '', 0, ''),
(646, 20, 3, 'CC-W2730-F', 0, 0, 0, 0, '', 0, ''),
(647, 20, 3, 'CC-W3030-F', 0, 0, 0, 0, '', 0, ''),
(648, 20, 3, 'CC-W3330-F', 0, 0, 0, 0, '', 0, ''),
(649, 20, 3, 'CC-W3630-F', 0, 0, 0, 0, '', 0, ''),
(650, 20, 3, 'CC-W3930-F', 0, 0, 0, 0, '', 0, ''),
(651, 20, 3, 'CC-W4230-F', 0, 0, 0, 0, '', 0, ''),
(652, 20, 3, 'CC-W0936-F', 0, 0, 0, 0, '', 0, ''),
(653, 20, 3, 'CC-W1236-F', 0, 0, 0, 0, '', 0, ''),
(654, 20, 3, 'CC-W1536-F', 0, 0, 0, 0, '', 0, ''),
(655, 20, 3, 'CC-W1836-F', 0, 0, 0, 0, '', 0, ''),
(656, 20, 3, 'CC-W2136-F', 0, 0, 0, 0, '', 0, ''),
(657, 20, 3, 'CC-W2436-F', 0, 0, 0, 0, '', 0, ''),
(658, 20, 3, 'CC-W2736-F', 0, 0, 0, 0, '', 0, ''),
(659, 20, 3, 'CC-W3036-F', 0, 0, 0, 0, '', 0, ''),
(660, 20, 3, 'CC-W3336-F', 0, 0, 0, 0, '', 0, ''),
(661, 20, 3, 'CC-W3636-F', 0, 0, 0, 0, '', 0, ''),
(662, 20, 3, 'CC-W3936-F', 0, 0, 0, 0, '', 0, ''),
(663, 20, 3, 'CC-W4236-F', 0, 0, 0, 0, '', 0, ''),
(664, 20, 3, 'CC-W0942-F', 0, 0, 0, 0, '', 0, ''),
(665, 20, 3, 'CC-W1242-F', 0, 0, 0, 0, '', 0, ''),
(666, 20, 3, 'CC-W1542-F', 0, 0, 0, 0, '', 0, ''),
(667, 20, 3, 'CC-W1842-F', 0, 0, 0, 0, '', 0, ''),
(668, 20, 3, 'CC-W2142-F', 0, 0, 0, 0, '', 0, ''),
(669, 20, 3, 'CC-W2442-F', 0, 0, 0, 0, '', 0, ''),
(670, 20, 3, 'CC-W2742-F', 0, 0, 0, 0, '', 0, ''),
(671, 20, 3, 'CC-W3042-F', 0, 0, 0, 0, '', 0, ''),
(672, 20, 3, 'CC-W3342-F', 0, 0, 0, 0, '', 0, ''),
(673, 20, 3, 'CC-W3642-F', 0, 0, 0, 0, '', 0, ''),
(674, 20, 3, 'CC-W3942-F', 0, 0, 0, 0, '', 0, ''),
(675, 20, 3, 'CC-W4242-F', 0, 0, 0, 0, '', 0, ''),
(676, 20, 3, 'CC-WDC2412-F', 0, 0, 0, 0, '', 0, ''),
(677, 20, 3, 'CC-WDC2430-F', 0, 0, 0, 0, '', 0, ''),
(678, 20, 3, 'CC-WDC2436-F', 0, 0, 0, 0, '', 0, ''),
(679, 20, 3, 'CC-WDC2442-F', 0, 0, 0, 0, '', 0, ''),
(680, 20, 3, 'CC-WOE1230', 0, 0, 0, 0, '', 0, ''),
(681, 20, 3, 'CC-WOE1236', 0, 0, 0, 0, '', 0, ''),
(682, 20, 3, 'CC-WOE1242', 0, 0, 0, 0, '', 0, ''),
(683, 20, 3, 'CC-WMO2430', 0, 0, 0, 0, '', 0, ''),
(684, 20, 3, 'CC-WMO2730', 0, 0, 0, 0, '', 0, ''),
(685, 20, 3, 'CC-WMO3030', 0, 0, 0, 0, '', 0, ''),
(686, 20, 3, 'CC-WMO2436', 0, 0, 0, 0, '', 0, ''),
(687, 20, 3, 'CC-WMO2736', 0, 0, 0, 0, '', 0, ''),
(688, 20, 3, 'CC-WMO3036', 0, 0, 0, 0, '', 0, ''),
(689, 20, 3, 'CC-WMO2442', 0, 0, 0, 0, '', 0, ''),
(690, 20, 3, 'CC-WMO2742', 0, 0, 0, 0, '', 0, ''),
(691, 20, 3, 'CC-WMO3042', 0, 0, 0, 0, '', 0, ''),
(692, 22, 3, 'CC-TP1584-F', 0, 0, 0, 0, '', 0, ''),
(693, 22, 3, 'CC-TP1884-F', 0, 0, 0, 0, '', 0, ''),
(694, 22, 3, 'CC-TP2484-F', 0, 0, 0, 0, '', 0, ''),
(695, 22, 3, 'CC-TP3084-F', 0, 0, 0, 0, '', 0, ''),
(696, 22, 3, 'CC-TP1590-F', 0, 0, 0, 0, '', 0, ''),
(697, 22, 3, 'CC-TP1890-F', 0, 0, 0, 0, '', 0, ''),
(698, 22, 3, 'CC-TP2490-F', 0, 0, 0, 0, '', 0, ''),
(699, 22, 3, 'CC-TP3090-F', 0, 0, 0, 0, '', 0, ''),
(700, 22, 3, 'CC-TP1596-F', 0, 0, 0, 0, '', 0, ''),
(701, 22, 3, 'CC-TP1896-F', 0, 0, 0, 0, '', 0, ''),
(702, 22, 3, 'CC-TP2496-F', 0, 0, 0, 0, '', 0, ''),
(703, 22, 3, 'CC-TP3096-F', 0, 0, 0, 0, '', 0, ''),
(704, 23, 3, 'CC-WR1818', 0, 0, 0, 0, '', 0, ''),
(705, 23, 3, 'CC-WR3018', 0, 0, 0, 0, '', 0, ''),
(706, 23, 3, 'CC-WR3618', 0, 0, 0, 0, '', 0, ''),
(707, 23, 3, 'CC-SGH30', 0, 0, 0, 0, '', 0, ''),
(708, 23, 3, 'CC-SGH36', 0, 0, 0, 0, '', 0, ''),
(709, 24, 3, 'CC-RHA363021', 0, 0, 0, 0, '', 0, ''),
(710, 24, 3, 'CC-RHA423021', 0, 0, 0, 0, '', 0, ''),
(711, 26, 3, 'CC-WP1230', 0, 0, 0, 0, '', 0, ''),
(712, 26, 3, 'CC-WP1530', 0, 0, 0, 0, '', 0, ''),
(713, 26, 3, 'CC-WP1830', 0, 0, 0, 0, '', 0, ''),
(714, 26, 3, 'CC-WP2130', 0, 0, 0, 0, '', 0, ''),
(715, 26, 3, 'CC-WP2430', 0, 0, 0, 0, '', 0, ''),
(716, 26, 3, 'CC-WP-VDD', 0, 0, 0, 0, '', 0, ''),
(717, 26, 3, 'CC-WP-BASE', 0, 0, 0, 0, '', 0, ''),
(718, 26, 3, 'CC-WP-W12', 0, 0, 0, 0, '', 0, ''),
(719, 26, 3, 'CC-WP-W30', 0, 0, 0, 0, '', 0, ''),
(720, 26, 3, 'CC-WP-W36', 0, 0, 0, 0, '', 0, ''),
(721, 26, 3, 'CC-WP-W42', 0, 0, 0, 0, '', 0, ''),
(722, 26, 3, 'CC-WP-T84', 0, 0, 0, 0, '', 0, ''),
(723, 26, 3, 'CC-WP-T90', 0, 0, 0, 0, '', 0, ''),
(724, 26, 3, 'CC-WP-T96', 0, 0, 0, 0, '', 0, ''),
(725, 27, 3, 'CC-DWR3', 0, 0, 0, 0, '', 0, ''),
(726, 27, 3, 'CC-RRP9627(3/4)', 0, 0, 0, 0, '', 0, ''),
(727, 27, 3, 'CC-RRP8427(3)', 0, 0, 0, 0, '', 0, ''),
(728, 27, 3, 'CC-RRP9027(3)', 0, 0, 0, 0, '', 0, ''),
(729, 27, 3, 'CC-RRP9627(3)', 0, 0, 0, 0, '', 0, ''),
(730, 27, 3, 'CC-BP3696', 0, 0, 0, 0, '', 0, ''),
(731, 27, 3, 'CC-BP4896', 0, 0, 0, 0, '', 0, ''),
(732, 27, 3, 'CC-BS24', 0, 0, 0, 0, '', 0, ''),
(733, 27, 3, 'CC-WS1230', 0, 0, 0, 0, '', 0, ''),
(734, 27, 3, 'CC-WS1236', 0, 0, 0, 0, '', 0, ''),
(735, 27, 3, 'CC-WS1242', 0, 0, 0, 0, '', 0, ''),
(736, 27, 3, 'CC-WS1248', 0, 0, 0, 0, '', 0, ''),
(737, 27, 3, 'CC-WS1254', 0, 0, 0, 0, '', 0, ''),
(738, 27, 3, 'CC-TS2796', 0, 0, 0, 0, '', 0, ''),
(739, 27, 3, 'CC-TK8', 0, 0, 0, 0, '', 0, ''),
(740, 28, 3, 'CC-BBM1', 0, 0, 0, 0, '', 0, ''),
(741, 28, 3, 'CC-BBM2', 0, 0, 0, 0, '', 0, ''),
(742, 28, 3, 'CC-ICM8', 0, 0, 0, 0, '', 0, ''),
(743, 28, 3, 'CC-QRM8', 0, 0, 0, 0, '', 0, ''),
(744, 28, 3, 'CC-OCM8', 0, 0, 0, 0, '', 0, ''),
(745, 28, 3, 'CC-SM8-S', 0, 0, 0, 0, '', 0, ''),
(746, 28, 3, 'CC-SM8-D', 0, 0, 0, 0, '', 0, ''),
(747, 28, 3, 'CC-LRM1', 0, 0, 0, 0, '', 0, ''),
(748, 28, 3, 'CC-LRM2', 0, 0, 0, 0, '', 0, ''),
(749, 28, 3, 'CC-CM-1', 0, 0, 0, 0, '', 0, ''),
(750, 28, 3, 'CC-CM-1B', 0, 0, 0, 0, '', 0, ''),
(751, 28, 3, 'CC-CM-3', 0, 0, 0, 0, '', 0, ''),
(752, 28, 3, 'CC-CM-3B', 0, 0, 0, 0, '', 0, ''),
(753, 28, 3, 'CC-CM-4', 0, 0, 0, 0, '', 0, ''),
(754, 28, 3, 'CC-CM-4B', 0, 0, 0, 0, '', 0, ''),
(755, 28, 3, 'CC-CM-6', 0, 0, 0, 0, '', 0, ''),
(756, 28, 3, 'CC-CM-6B', 0, 0, 0, 0, '', 0, ''),
(757, 27, 3, 'CC-WF330', 0, 0, 0, 0, '', 0, ''),
(758, 27, 3, 'CC-WF336', 0, 0, 0, 0, '', 0, ''),
(759, 27, 3, 'CC-WF342', 0, 0, 0, 0, '', 0, ''),
(760, 27, 3, 'CC-WF630', 0, 0, 0, 0, '', 0, ''),
(761, 27, 3, 'CC-WF636', 0, 0, 0, 0, '', 0, ''),
(762, 27, 3, 'CC-WF642', 0, 0, 0, 0, '', 0, ''),
(763, 27, 3, 'CC-TF396', 0, 0, 0, 0, '', 0, ''),
(764, 27, 3, 'CC-TF696', 0, 0, 0, 0, '', 0, ''),
(765, 27, 3, 'CC-BF3', 0, 0, 0, 0, '', 0, ''),
(766, 27, 3, 'CC-BF6', 0, 0, 0, 0, '', 0, ''),
(767, 27, 3, 'CC-BFF3', 0, 0, 0, 0, '', 0, ''),
(768, 27, 3, 'CC-WFF330', 0, 0, 0, 0, '', 0, ''),
(769, 27, 3, 'CC-WFF336', 0, 0, 0, 0, '', 0, ''),
(770, 27, 3, 'CC-WFF342', 0, 0, 0, 0, '', 0, ''),
(771, 27, 3, 'CC-WFF384', 0, 0, 0, 0, '', 0, ''),
(772, 27, 3, 'CC-WFF390', 0, 0, 0, 0, '', 0, ''),
(773, 27, 3, 'CC-WFF396', 0, 0, 0, 0, '', 0, ''),
(774, 29, 3, 'CC-VA36', 0, 0, 0, 0, '', 0, ''),
(775, 29, 3, 'CC-VA42', 0, 0, 0, 0, '', 0, ''),
(776, 29, 3, 'CC-VARP36', 0, 0, 0, 0, '', 0, ''),
(777, 29, 3, 'CC-VARP48', 0, 0, 0, 0, '', 0, ''),
(778, 29, 3, 'CC-VARP54', 0, 0, 0, 0, '', 0, ''),
(779, 30, 3, 'CC-CML', 0, 0, 0, 0, '', 0, ''),
(780, 30, 3, 'CC-SP36', 0, 0, 0, 0, '', 0, ''),
(781, 30, 3, 'CC-PP-BASE', 0, 0, 0, 0, '', 0, ''),
(782, 30, 3, 'CC-PP-T84', 0, 0, 0, 0, '', 0, ''),
(783, 30, 3, 'CC-PP-T90', 0, 0, 0, 0, '', 0, ''),
(784, 30, 3, 'CC-PP-T96', 0, 0, 0, 0, '', 0, ''),
(785, 21, 3, 'CC-SD-1', 0, 0, 0, 0, '', 0, ''),
(786, 21, 3, 'CC-SD-2', 0, 0, 0, 0, '', 0, ''),
(787, 19, 4, 'WC-B09-F', 0, 0, 0, 0, '', 0, ''),
(788, 19, 4, 'WC-B12-F', 0, 0, 0, 0, '', 0, ''),
(789, 19, 4, 'WC-B15-F', 0, 0, 0, 0, '', 0, ''),
(790, 19, 4, 'WC-B18-F', 0, 0, 0, 0, '', 0, ''),
(791, 19, 4, 'WC-B21-F', 0, 0, 0, 0, '', 0, ''),
(792, 19, 4, 'WC-B24-F', 0, 0, 0, 0, '', 0, ''),
(793, 19, 4, 'WC-B27-F', 0, 0, 0, 0, '', 0, ''),
(794, 19, 4, 'WC-B30-F', 0, 0, 0, 0, '', 0, ''),
(795, 19, 4, 'WC-B33-F', 0, 0, 0, 0, '', 0, ''),
(796, 19, 4, 'WC-B36-F', 0, 0, 0, 0, '', 0, ''),
(797, 19, 4, 'WC-DB12(3D)-F', 0, 0, 0, 0, '', 0, ''),
(798, 19, 4, 'WC-DB15(3D)-F', 0, 0, 0, 0, '', 0, ''),
(799, 19, 4, 'WC-DB18(3D)-F', 0, 0, 0, 0, '', 0, ''),
(800, 19, 4, 'WC-DB21(3D)-F', 0, 0, 0, 0, '', 0, ''),
(801, 19, 4, 'WC-DB24(3D)-F', 0, 0, 0, 0, '', 0, ''),
(802, 19, 4, 'WC-DB27(3D)-F', 0, 0, 0, 0, '', 0, ''),
(803, 19, 4, 'WC-DB30(3D)-F', 0, 0, 0, 0, '', 0, ''),
(804, 19, 4, 'WC-DB33(3D)-F', 0, 0, 0, 0, '', 0, ''),
(805, 19, 4, 'WC-DB36(3D)-F', 0, 0, 0, 0, '', 0, ''),
(806, 25, 4, 'WC-VDB12(3D)', 0, 0, 0, 0, '', 0, ''),
(807, 25, 4, 'WC-VDB15(3D)', 0, 0, 0, 0, '', 0, ''),
(808, 25, 4, 'WC-VDB18(3D)', 0, 0, 0, 0, '', 0, ''),
(809, 25, 4, 'WC-VDB21(3D)', 0, 0, 0, 0, '', 0, ''),
(810, 25, 4, 'WC-VDB24(3D)', 0, 0, 0, 0, '', 0, ''),
(811, 25, 4, 'WC-VDB27(3D)', 0, 0, 0, 0, '', 0, ''),
(812, 25, 4, 'WC-VDB30(3D)', 0, 0, 0, 0, '', 0, ''),
(813, 25, 4, 'WC-VDB33(3D)', 0, 0, 0, 0, '', 0, ''),
(814, 25, 4, 'WC-VDB36(3D)', 0, 0, 0, 0, '', 0, ''),
(815, 25, 4, 'WC-VSB24', 0, 0, 0, 0, '', 0, ''),
(816, 25, 4, 'WC-VSB27', 0, 0, 0, 0, '', 0, ''),
(817, 25, 4, 'WC-VSB30', 0, 0, 0, 0, '', 0, ''),
(818, 25, 4, 'WC-VSB33', 0, 0, 0, 0, '', 0, ''),
(819, 25, 4, 'WC-VSB36', 0, 0, 0, 0, '', 0, ''),
(820, 25, 4, 'WC-VSD30(LR)', 0, 0, 0, 0, '', 0, ''),
(821, 25, 4, 'WC-VSD36(LR)', 0, 0, 0, 0, '', 0, ''),
(822, 25, 4, 'WC-VSD42(LR)', 0, 0, 0, 0, '', 0, ''),
(823, 19, 4, 'WC-BLB39/42-F', 0, 0, 0, 0, '', 0, ''),
(824, 19, 4, 'WC-BLB42/45-F', 0, 0, 0, 0, '', 0, ''),
(825, 19, 4, 'WC-LSB33-F', 0, 0, 0, 0, '', 0, ''),
(826, 19, 4, 'WC-LSB36-F', 0, 0, 0, 0, '', 0, ''),
(827, 19, 4, 'WC-BMC30-F', 0, 0, 0, 0, '', 0, ''),
(828, 20, 4, 'WC-W1212-F', 0, 0, 0, 0, '', 0, ''),
(829, 20, 4, 'WC-W1512-F', 0, 0, 0, 0, '', 0, ''),
(830, 20, 4, 'WC-W1812-F', 0, 0, 0, 0, '', 0, ''),
(831, 20, 4, 'WC-W2112-F', 0, 0, 0, 0, '', 0, ''),
(832, 20, 4, 'WC-W2412-F', 0, 0, 0, 0, '', 0, ''),
(833, 20, 4, 'WC-W2712-F', 0, 0, 0, 0, '', 0, ''),
(834, 20, 4, 'WC-W3012-F', 0, 0, 0, 0, '', 0, ''),
(835, 20, 4, 'WC-W3312-F', 0, 0, 0, 0, '', 0, ''),
(836, 20, 4, 'WC-W3612-F', 0, 0, 0, 0, '', 0, ''),
(837, 20, 4, 'WC-W3015-F', 0, 0, 0, 0, '', 0, ''),
(838, 20, 4, 'WC-W3315-F', 0, 0, 0, 0, '', 0, ''),
(839, 20, 4, 'WC-W3615-F', 0, 0, 0, 0, '', 0, ''),
(840, 20, 4, 'WC-W2418-F', 0, 0, 0, 0, '', 0, ''),
(841, 20, 4, 'WC-W2718-F', 0, 0, 0, 0, '', 0, ''),
(842, 20, 4, 'WC-W3018-F', 0, 0, 0, 0, '', 0, ''),
(843, 20, 4, 'WC-W3318-F', 0, 0, 0, 0, '', 0, ''),
(844, 20, 4, 'WC-W3618-F', 0, 0, 0, 0, '', 0, ''),
(845, 20, 4, 'WC-W2421-F', 0, 0, 0, 0, '', 0, ''),
(846, 20, 4, 'WC-W2721-F', 0, 0, 0, 0, '', 0, ''),
(847, 20, 4, 'WC-W3021-F', 0, 0, 0, 0, '', 0, ''),
(848, 20, 4, 'WC-W3321-F', 0, 0, 0, 0, '', 0, ''),
(849, 20, 4, 'WC-W3621-F', 0, 0, 0, 0, '', 0, ''),
(850, 20, 4, 'WC-W3024-F', 0, 0, 0, 0, '', 0, ''),
(851, 20, 4, 'WC-W3324-F', 0, 0, 0, 0, '', 0, ''),
(852, 20, 4, 'WC-W3624-F', 0, 0, 0, 0, '', 0, ''),
(853, 20, 4, 'WC-W0930-F', 0, 0, 0, 0, '', 0, ''),
(854, 20, 4, 'WC-W1230-F', 0, 0, 0, 0, '', 0, ''),
(855, 20, 4, 'WC-W1530-F', 0, 0, 0, 0, '', 0, ''),
(856, 20, 4, 'WC-W1830-F', 0, 0, 0, 0, '', 0, ''),
(857, 20, 4, 'WC-W2130-F', 0, 0, 0, 0, '', 0, ''),
(858, 20, 4, 'WC-W2430-F', 0, 0, 0, 0, '', 0, ''),
(859, 20, 4, 'WC-W2730-F', 0, 0, 0, 0, '', 0, ''),
(860, 20, 4, 'WC-W3030-F', 0, 0, 0, 0, '', 0, ''),
(861, 20, 4, 'WC-W3330-F', 0, 0, 0, 0, '', 0, ''),
(862, 20, 4, 'WC-W3630-F', 0, 0, 0, 0, '', 0, ''),
(863, 20, 4, 'WC-W3930-F', 0, 0, 0, 0, '', 0, ''),
(864, 20, 4, 'WC-W4230-F', 0, 0, 0, 0, '', 0, ''),
(865, 20, 4, 'WC-W0936-F', 0, 0, 0, 0, '', 0, ''),
(866, 20, 4, 'WC-W1236-F', 0, 0, 0, 0, '', 0, ''),
(867, 20, 4, 'WC-W1536-F', 0, 0, 0, 0, '', 0, ''),
(868, 20, 4, 'WC-W1836-F', 0, 0, 0, 0, '', 0, ''),
(869, 20, 4, 'WC-W2136-F', 0, 0, 0, 0, '', 0, ''),
(870, 20, 4, 'WC-W2436-F', 0, 0, 0, 0, '', 0, ''),
(871, 20, 4, 'WC-W2736-F', 0, 0, 0, 0, '', 0, ''),
(872, 20, 4, 'WC-W3036-F', 0, 0, 0, 0, '', 0, ''),
(873, 20, 4, 'WC-W3336-F', 0, 0, 0, 0, '', 0, ''),
(874, 20, 4, 'WC-W3636-F', 0, 0, 0, 0, '', 0, ''),
(875, 20, 4, 'WC-W3936-F', 0, 0, 0, 0, '', 0, ''),
(876, 20, 4, 'WC-W4236-F', 0, 0, 0, 0, '', 0, ''),
(877, 20, 4, 'WC-W0942-F', 0, 0, 0, 0, '', 0, ''),
(878, 20, 4, 'WC-W1242-F', 0, 0, 0, 0, '', 0, ''),
(879, 20, 4, 'WC-W1542-F', 0, 0, 0, 0, '', 0, ''),
(880, 20, 4, 'WC-W1842-F', 0, 0, 0, 0, '', 0, ''),
(881, 20, 4, 'WC-W2142-F', 0, 0, 0, 0, '', 0, ''),
(882, 20, 4, 'WC-W2442-F', 0, 0, 0, 0, '', 0, ''),
(883, 20, 4, 'WC-W3042-F', 0, 0, 0, 0, '', 0, ''),
(884, 20, 4, 'WC-W3342-F', 0, 0, 0, 0, '', 0, ''),
(885, 20, 4, 'WC-W3642-F', 0, 0, 0, 0, '', 0, ''),
(886, 20, 4, 'WC-W3942-F', 0, 0, 0, 0, '', 0, ''),
(887, 20, 4, 'WC-W4242-F', 0, 0, 0, 0, '', 0, ''),
(888, 20, 4, 'WC-WDC2412-F', 0, 0, 0, 0, '', 0, ''),
(889, 20, 4, 'WC-WDC2430-F', 0, 0, 0, 0, '', 0, ''),
(890, 20, 4, 'WC-WDC2436-F', 0, 0, 0, 0, '', 0, ''),
(891, 20, 4, 'WC-WDC2442-F', 0, 0, 0, 0, '', 0, ''),
(892, 20, 4, 'WC-WOE1230', 0, 0, 0, 0, '', 0, ''),
(893, 20, 4, 'WC-WOE1236', 0, 0, 0, 0, '', 0, ''),
(894, 20, 4, 'WC-WOE1242', 0, 0, 0, 0, '', 0, ''),
(895, 20, 4, 'WC-WMO2430', 0, 0, 0, 0, '', 0, ''),
(896, 20, 4, 'WC-WMO2730', 0, 0, 0, 0, '', 0, ''),
(897, 20, 4, 'WC-WMO3030', 0, 0, 0, 0, '', 0, ''),
(898, 20, 4, 'WC-WMO2436', 0, 0, 0, 0, '', 0, ''),
(899, 20, 4, 'WC-WMO2736', 0, 0, 0, 0, '', 0, ''),
(900, 20, 4, 'WC-WMO3036', 0, 0, 0, 0, '', 0, ''),
(901, 20, 4, 'WC-WMO2442', 0, 0, 0, 0, '', 0, ''),
(902, 20, 4, 'WC-WMO2742', 0, 0, 0, 0, '', 0, ''),
(903, 20, 4, 'WC-WMO3042', 0, 0, 0, 0, '', 0, ''),
(904, 22, 4, 'WC-TP1584-F', 0, 0, 0, 0, '', 0, ''),
(905, 22, 4, 'WC-TP1884-F', 0, 0, 0, 0, '', 0, ''),
(906, 22, 4, 'WC-TP2484-F', 0, 0, 0, 0, '', 0, ''),
(907, 22, 4, 'WC-TP3084-F', 0, 0, 0, 0, '', 0, ''),
(908, 22, 4, 'WC-TP1590-F', 0, 0, 0, 0, '', 0, ''),
(909, 22, 4, 'WC-TP1890-F', 0, 0, 0, 0, '', 0, ''),
(910, 22, 4, 'WC-TP2490-F', 0, 0, 0, 0, '', 0, ''),
(911, 22, 4, 'WC-TP3090-F', 0, 0, 0, 0, '', 0, ''),
(912, 23, 4, 'WC-TP1596-F', 0, 0, 0, 0, '', 0, ''),
(913, 22, 4, 'WC-TP1896-F', 0, 0, 0, 0, '', 0, ''),
(914, 22, 4, 'WC-TP2496-F', 0, 0, 0, 0, '', 0, ''),
(915, 22, 4, 'WC-TP3096-F', 0, 0, 0, 0, '', 0, ''),
(916, 23, 4, 'WC-WR1818', 0, 0, 0, 0, '', 0, ''),
(917, 23, 4, 'WC-WR3018', 0, 0, 0, 0, '', 0, ''),
(918, 23, 4, 'WC-WR3618', 0, 0, 0, 0, '', 0, ''),
(919, 23, 4, 'WC-SGH30', 0, 0, 0, 0, '', 0, ''),
(920, 23, 4, 'WC-SGH36', 0, 0, 0, 0, '', 0, ''),
(921, 24, 4, 'WC-RHA363021', 0, 0, 0, 0, '', 0, ''),
(922, 24, 4, 'WC-RHA423021', 0, 0, 0, 0, '', 0, ''),
(923, 26, 4, 'WC-WP1230', 0, 0, 0, 0, '', 0, ''),
(924, 26, 4, 'WC-WP1530', 0, 0, 0, 0, '', 0, ''),
(925, 26, 4, 'WC-WP1830', 0, 0, 0, 0, '', 0, ''),
(926, 26, 4, 'WC-WP2130', 0, 0, 0, 0, '', 0, ''),
(927, 26, 4, 'WC-WP2430', 0, 0, 0, 0, '', 0, ''),
(928, 26, 4, 'WC-WP-VDD', 0, 0, 0, 0, '', 0, ''),
(929, 26, 4, 'WC-WP-BASE', 0, 0, 0, 0, '', 0, ''),
(930, 26, 4, 'WC-WP-W12', 0, 0, 0, 0, '', 0, ''),
(931, 26, 4, 'WC-WP-W30', 0, 0, 0, 0, '', 0, ''),
(932, 26, 4, 'WC-WP-T84', 0, 0, 0, 0, '', 0, ''),
(933, 26, 4, 'WC-WP-T90', 0, 0, 0, 0, '', 0, ''),
(934, 26, 4, 'WC-WP-T96', 0, 0, 0, 0, '', 0, ''),
(935, 27, 4, 'WC-DWR3', 0, 0, 0, 0, '', 0, ''),
(936, 27, 4, 'WC-RRP9627(3/4)', 0, 0, 0, 0, '', 0, ''),
(937, 27, 4, 'WC-RRP8427(3)', 0, 0, 0, 0, '', 0, ''),
(938, 27, 4, 'WC-RRP9027(3)', 0, 0, 0, 0, '', 0, ''),
(939, 27, 4, 'WC-RRP9627(3)', 0, 0, 0, 0, '', 0, ''),
(940, 27, 4, 'WC-BP3696', 0, 0, 0, 0, '', 0, ''),
(941, 27, 4, 'WC-BP4896', 0, 0, 0, 0, '', 0, ''),
(942, 27, 4, 'WC-BS24', 0, 0, 0, 0, '', 0, ''),
(943, 27, 4, 'WC-WS1230', 0, 0, 0, 0, '', 0, ''),
(944, 27, 4, 'WC-WS1236', 0, 0, 0, 0, '', 0, ''),
(945, 27, 4, 'WC-WS1242', 0, 0, 0, 0, '', 0, ''),
(946, 27, 4, 'WC-WS1248', 0, 0, 0, 0, '', 0, ''),
(947, 27, 4, 'WC-WS1254', 0, 0, 0, 0, '', 0, ''),
(948, 27, 4, 'WC-TS2796', 0, 0, 0, 0, '', 0, ''),
(949, 27, 4, 'WC-TK8', 0, 0, 0, 0, '', 0, ''),
(950, 28, 4, 'WC-BBM1', 0, 0, 0, 0, '', 0, ''),
(951, 28, 4, 'WC-BBM2', 0, 0, 0, 0, '', 0, ''),
(952, 28, 4, 'WC-ICM8', 0, 0, 0, 0, '', 0, ''),
(953, 28, 4, 'WC-QRM8', 0, 0, 0, 0, '', 0, ''),
(954, 28, 4, 'WC-OCM8', 0, 0, 0, 0, '', 0, ''),
(955, 28, 4, 'WC-SM8-S', 0, 0, 0, 0, '', 0, ''),
(956, 28, 4, 'WC-SM8-D', 0, 0, 0, 0, '', 0, ''),
(957, 28, 4, 'WC-LRM1', 0, 0, 0, 0, '', 0, ''),
(958, 28, 4, 'WC-LRM2', 0, 0, 0, 0, '', 0, ''),
(959, 28, 4, 'WC-CM-1', 0, 0, 0, 0, '', 0, ''),
(960, 28, 4, 'WC-CM-1B', 0, 0, 0, 0, '', 0, ''),
(961, 28, 4, 'WC-CM-3', 0, 0, 0, 0, '', 0, ''),
(962, 28, 4, 'WC-CM-3B', 0, 0, 0, 0, '', 0, ''),
(963, 28, 4, 'WC-CM-4', 0, 0, 0, 0, '', 0, ''),
(964, 28, 4, 'WC-CM-4B', 0, 0, 0, 0, '', 0, ''),
(965, 28, 4, 'WC-CM-6', 0, 0, 0, 0, '', 0, ''),
(966, 28, 4, 'WC-CM-6B', 0, 0, 0, 0, '', 0, ''),
(967, 27, 4, 'WC-WF330', 0, 0, 0, 0, '', 0, ''),
(968, 27, 4, 'WC-WF336', 0, 0, 0, 0, '', 0, ''),
(969, 27, 4, 'WC-WF342', 0, 0, 0, 0, '', 0, ''),
(970, 27, 4, 'WC-WF630', 0, 0, 0, 0, '', 0, ''),
(971, 27, 4, 'WC-WF636', 0, 0, 0, 0, '', 0, ''),
(972, 27, 4, 'WC-WF642', 0, 0, 0, 0, '', 0, ''),
(973, 27, 4, 'WC-TF396', 0, 0, 0, 0, '', 0, ''),
(974, 27, 4, 'WC-TF696', 0, 0, 0, 0, '', 0, ''),
(975, 27, 4, 'WC-BF3', 0, 0, 0, 0, '', 0, ''),
(976, 27, 4, 'WC-BF6', 0, 0, 0, 0, '', 0, ''),
(977, 27, 4, 'WC-BFF3', 0, 0, 0, 0, '', 0, ''),
(978, 27, 4, 'WC-WFF330', 0, 0, 0, 0, '', 0, ''),
(979, 27, 4, 'WC-WFF336', 0, 0, 0, 0, '', 0, ''),
(980, 27, 4, 'WC-WFF342', 0, 0, 0, 0, '', 0, ''),
(981, 27, 4, 'WC-WFF384', 0, 0, 0, 0, '', 0, ''),
(982, 27, 4, 'WC-WFF390', 0, 0, 0, 0, '', 0, ''),
(983, 27, 4, 'WC-WFF396', 0, 0, 0, 0, '', 0, ''),
(984, 29, 4, 'WC-VA36', 0, 0, 0, 0, '', 0, ''),
(985, 29, 4, 'WC-VA42', 0, 0, 0, 0, '', 0, ''),
(986, 29, 4, 'WC-VARP36', 0, 0, 0, 0, '', 0, ''),
(987, 29, 4, 'WC-VARP48', 0, 0, 0, 0, '', 0, ''),
(988, 29, 4, 'WC-VARP54', 0, 0, 0, 0, '', 0, ''),
(989, 30, 4, 'WC-CML', 0, 0, 0, 0, '', 0, ''),
(990, 30, 4, 'WC-SP36', 0, 0, 0, 0, '', 0, ''),
(991, 30, 4, 'WC-PP-BASE', 0, 0, 0, 0, '', 0, ''),
(992, 30, 4, 'WC-PP-T84', 0, 0, 0, 0, '', 0, ''),
(993, 30, 4, 'WC-PP-T90', 0, 0, 0, 0, '', 0, ''),
(994, 30, 4, 'WC-PP-T96', 0, 0, 0, 0, '', 0, ''),
(995, 21, 4, 'WC-SD-1', 0, 0, 0, 0, '', 0, ''),
(996, 21, 4, 'WC-SD-2', 0, 0, 0, 0, '', 0, ''),
(997, 31, 11, 'SOW1206', 0, 0, 0, 0, '', 5, ''),
(998, 31, 11, 'SOW1212', 0, 0, 0, 0, '', 10, ''),
(999, 31, 11, 'SOW1230', 0, 0, 0, 0, '', 25, ''),
(1000, 31, 11, 'SOW2406', 0, 0, 0, 0, '', 10, ''),
(1001, 31, 11, 'SOW1224', 0, 0, 0, 0, '', 20, ''),
(1002, 31, 11, 'SOW1530', 0, 0, 0, 0, '', 32, ''),
(1003, 31, 11, 'SOW3008', 0, 0, 0, 0, '', 17, ''),
(1004, 31, 11, 'SOW1822', 0, 0, 0, 0, '', 28, ''),
(1005, 31, 11, 'SOW1211', 0, 0, 0, 0, '', 9, ''),
(1006, 31, 11, 'SOW3608', 0, 0, 0, 0, '', 20, ''),
(1007, 31, 11, 'SOW1222', 0, 0, 0, 0, '', 10001, '/upload/thumbnail/1_15953406665f16f77ab56881.94333248.jpeg');

-- --------------------------------------------------------

--
-- Table structure for table `item_category`
--

CREATE TABLE `item_category` (
  `item_category_id` int(11) NOT NULL,
  `item_category_title` char(255) NOT NULL,
  `item_category_description` text NOT NULL
) ENGINE=InnoDB DEFAULT CHARSET=utf8;

--
-- Dumping data for table `item_category`
--

INSERT INTO `item_category` (`item_category_id`, `item_category_title`, `item_category_description`) VALUES
(18, 'Hardware', 'Hinge, Slider, Handle, Nob'),
(19, 'Base Cabinets', ''),
(20, 'Wall Cabinets', ''),
(21, 'Samples', 'Sample Door'),
(22, 'Pantry & Oven Cabinets', ''),
(23, 'Storage & Organization', ''),
(24, 'Hood & Specialty Cabinets', ''),
(25, 'Bathroom Vanities', ''),
(26, 'Dummy Doors, Drawers & Replacements', ''),
(27, 'Panels & Filers', ''),
(28, 'Moldings', ''),
(29, 'Valances & Decor Blocks', ''),
(30, 'Corbels & Posts', ''),
(31, 'MDF DOOR', 'MDF VANITY DOOR PANEL');

-- --------------------------------------------------------

--
-- Table structure for table `item_style`
--

CREATE TABLE `item_style` (
  `item_style_id` int(11) NOT NULL,
  `item_style_title` char(255) NOT NULL,
  `item_style_description` text NOT NULL,
  `item_style_image_cover` char(150) NOT NULL DEFAULT '',
  `item_style_image_description` char(150) NOT NULL DEFAULT ''
) ENGINE=InnoDB DEFAULT CHARSET=utf8;

--
-- Dumping data for table `item_style`
--

INSERT INTO `item_style` (`item_style_id`, `item_style_title`, `item_style_description`, `item_style_image_cover`, `item_style_image_description`) VALUES
(1, 'SW', 'Shaker White', '', ''),
(2, 'SG', 'Shaker Grey', '', ''),
(3, 'CC', 'Concord Chestnut', '', ''),
(4, 'WC', 'Willow Grey', '', ''),
(6, 'BOX', 'Box', '', ''),
(11, 'SOW', 'Shaker Ontario White MDF (Door only)', '', '');

-- --------------------------------------------------------

--
-- Table structure for table `log_login`
--

CREATE TABLE `log_login` (
  `log_login_id` int(11) NOT NULL,
  `log_login_user_id` int(11) NOT NULL,
  `log_login_ip` char(24) NOT NULL,
  `log_login_time` datetime NOT NULL DEFAULT current_timestamp()
) ENGINE=InnoDB DEFAULT CHARSET=utf8;

-- --------------------------------------------------------

--
-- Table structure for table `orders`
--

CREATE TABLE `orders` (
  `orders_id` char(25) NOT NULL,
  `orders_user_id` int(11) NOT NULL DEFAULT 0,
  `orders_seller_id` int(11) NOT NULL DEFAULT 0,
  `orders_name` char(255) NOT NULL DEFAULT '',
  `orders_deliver_type` char(10) NOT NULL DEFAULT '',
  `orders_billing_address` char(255) NOT NULL DEFAULT '',
  `orders_warehouse_address` char(255) NOT NULL DEFAULT '',
  `orders_date` timestamp NULL DEFAULT current_timestamp(),
  `orders_payment_date` timestamp NULL DEFAULT NULL,
  `orders_price_original` int(11) NOT NULL DEFAULT 0,
  `orders_price_final` int(11) NOT NULL DEFAULT 0,
  `orders_price_tax` int(11) NOT NULL DEFAULT 0,
  `orders_note` varchar(535) NOT NULL DEFAULT '',
  `orders_status` char(20) NOT NULL DEFAULT 'initiate',
  `orders_update_time` timestamp NOT NULL DEFAULT current_timestamp(),
  `orders_type` char(10) NOT NULL DEFAULT 'cart'
) ENGINE=InnoDB DEFAULT CHARSET=utf8;

--
-- Dumping data for table `orders`
--

INSERT INTO `orders` (`orders_id`, `orders_user_id`, `orders_seller_id`, `orders_name`, `orders_deliver_type`, `orders_billing_address`, `orders_warehouse_address`, `orders_date`, `orders_payment_date`, `orders_price_original`, `orders_price_final`, `orders_price_tax`, `orders_note`, `orders_status`, `orders_update_time`, `orders_type`) VALUES
('202012130455150660878', 1, 0, '222', 'shipping', 'jiyu zhang, 6477734213, 41 Copperstone Crescent, Richmond Hill, ON , Canada, L4S 2C5', '', '2020-12-14 06:26:28', NULL, 100000, 100000, 13000, '', 'make_payment', '2020-12-14 04:59:28', 'cart'),
('202012130504150836733', 1, 0, '888', 'pickup', '', '854 Westport Crescent, Mississauga, ON, L5T 1N5, Canada', '2020-12-16 18:49:54', NULL, 2049600, 2049600, 266448, '', 'make_payment', '2020-12-14 15:29:46', 'cart'),
('202012161419430194455', 1, 0, '123', 'shipping', 'ccc ccc, cccc, ccccc, ccc, 31 , United States, 13', '', '2020-12-16 19:19:57', NULL, 256200, 256200, 33306, '', 'make_payment', '2020-12-16 19:19:44', 'cart'),
('202012161810450280230', 12, 1, '1111', 'shipping', 'jiyu zhang, 6477734213, 41 Copperstone Crescent, Richmond Hill, ON , Canada, L4S 2C5', '', '2020-12-17 20:12:04', NULL, 2612000, 2612000, 339560, '', 'make_payment', '2020-12-17 20:12:04', 'order'),
('202012161810510262262', 12, 1, '2222', 'shipping', 'jiyu zhang, 6477734213, 41 Copperstone Crescent, Richmond Hill, ON , Canada, L4S 2C5', '', '2020-12-18 00:31:14', NULL, 1823400, 26599, 3458, '', 'make_payment', '2020-12-18 00:31:14', 'order'),
('202012161811000169835', 12, 1, '333', 'pickup', '', '854 Westport Crescent, Mississauga, ON, L5T 1N5, Canada', '2020-12-17 17:12:49', NULL, 0, 0, 0, '', 'make_payment', '2020-12-17 17:12:49', 'order');

-- --------------------------------------------------------

--
-- Table structure for table `orders_product`
--

CREATE TABLE `orders_product` (
  `orders_product_id` int(11) NOT NULL,
  `orders_product_orders_id` char(25) NOT NULL,
  `orders_product_product_id` int(11) NOT NULL,
  `orders_product_count` int(11) NOT NULL,
  `orders_product_snapshot_price` int(255) NOT NULL DEFAULT 0,
  `orders_product_snapshot_attrs` varchar(535) NOT NULL DEFAULT '',
  `orders_product_snapshot_name` char(255) DEFAULT '',
  `orders_product_snapshot_sku` char(255) DEFAULT ''
) ENGINE=InnoDB DEFAULT CHARSET=utf8;

--
-- Dumping data for table `orders_product`
--

INSERT INTO `orders_product` (`orders_product_id`, `orders_product_orders_id`, `orders_product_product_id`, `orders_product_count`, `orders_product_snapshot_price`, `orders_product_snapshot_attrs`, `orders_product_snapshot_name`, `orders_product_snapshot_sku`) VALUES
(19, '202012130455150660878', 3, 10, 10000, 'SW BASE CABINETS 21x35x24', 'SW-B21', 'SW-B21'),
(24, '202012130455150660878', 7, 1, 0, 'SW BASE CABINETS 18x35x24', 'SW-B18', 'SW-B18'),
(25, '202012130504150836733', 20, 8, 256200, 'SW WALL CABINETS 12.3x30x13', 'SW-W1230', 'SW-W1230'),
(26, '202012161419430194455', 20, 1, 256200, 'SW WALL CABINETS 12.3x30x13', 'SW-W1230', 'SW-W1230'),
(27, '202012161810450280230', 20, 10, 256200, 'SW WALL CABINETS 12.3x30x13', 'SW-W1230', 'SW-W1230'),
(29, '202012161811000169835', 18, 1, 0, 'SW BASE CABINETS 12x35x24', 'SW-DB12(3D)', 'SW-DB12(3D)'),
(30, '202012161810450280230', 3, 5, 10000, 'SW BASE CABINETS 21x35x24', 'SW-B21', 'SW-B21'),
(31, '202012161810510262262', 20, 7, 256200, 'SW WALL CABINETS 12.3x30x13', 'SW-W1230', 'SW-W1230'),
(32, '202012161810510262262', 3, 3, 10000, 'SW BASE CABINETS 21x35x24', 'SW-B21', 'SW-B21');

--
-- Triggers `orders_product`
--
DELIMITER $$
CREATE TRIGGER `update_order_time` AFTER INSERT ON `orders_product` FOR EACH ROW BEGIN
UPDATE orders SET orders_update_time = current_timestamp() WHERE orders_id = NEW.orders_product_orders_id;
END
$$
DELIMITER ;

-- --------------------------------------------------------

--
-- Table structure for table `product`
--

CREATE TABLE `product` (
  `product_id` int(11) NOT NULL,
  `product_sku` char(255) NOT NULL,
  `product_name` char(255) NOT NULL,
  `product_product_category_id` int(11) NOT NULL,
  `product_item_style_id` int(11) NOT NULL,
  `product_weight` float NOT NULL DEFAULT 0,
  `product_price` int(11) NOT NULL DEFAULT 0,
  `product_inventory_count` int(11) NOT NULL DEFAULT 0,
  `product_w` float NOT NULL DEFAULT 0,
  `product_h` float NOT NULL DEFAULT 0,
  `product_l` float NOT NULL DEFAULT 0,
  `product_expected_count` int(11) NOT NULL DEFAULT 0,
  `product_img_0` char(150) NOT NULL DEFAULT '',
  `product_img_1` char(150) NOT NULL DEFAULT '',
  `product_img_2` char(150) NOT NULL DEFAULT '',
  `product_img_3` char(150) NOT NULL DEFAULT '',
  `product_img_4` char(150) NOT NULL DEFAULT '',
  `product_des` text NOT NULL,
  `product_feature_1` char(255) NOT NULL DEFAULT '',
  `product_feature_2` char(255) NOT NULL DEFAULT '',
  `product_feature_3` char(255) NOT NULL DEFAULT '',
  `product_feature_4` char(255) NOT NULL DEFAULT '',
  `product_feature_5` char(255) NOT NULL DEFAULT '',
  `product_is_deleted` tinyint(1) NOT NULL DEFAULT 0
) ENGINE=InnoDB DEFAULT CHARSET=utf8;

--
-- Dumping data for table `product`
--

INSERT INTO `product` (`product_id`, `product_sku`, `product_name`, `product_product_category_id`, `product_item_style_id`, `product_weight`, `product_price`, `product_inventory_count`, `product_w`, `product_h`, `product_l`, `product_expected_count`, `product_img_0`, `product_img_1`, `product_img_2`, `product_img_3`, `product_img_4`, `product_des`, `product_feature_1`, `product_feature_2`, `product_feature_3`, `product_feature_4`, `product_feature_5`, `product_is_deleted`) VALUES
(2, 'SW-W0936', 'SW-W0936', 1, 1, 0, 0, 0, 9, 36, 12, 0, '/upload/thumbnail/1_16039902945f9af316e5a820.38919997.jpg', '/upload/thumbnail/1_16039902945f9af316e5f907.77301630.jpg', '', '', '', '', '', '', '', '', '', 0),
(3, 'SW-B21', 'SW-B21', 2, 1, 0, 10000, 14, 21, 35, 24, 0, '', '', '', '', '', '', '1 Drawer', '1 Door', '1 Adjustable shelf', '', '', 0),
(4, 'SW-B09SR', 'SW-B09SR', 2, 1, 0, 0, 0, 9, 35, 24, 0, '', '', '', '', '', '', '1 DOOR', '3 FIXED PULL-OUT SHELVES', '', '', '', 0),
(5, 'SW-B12', 'SW-B12', 2, 1, 0, 0, 15, 12, 35, 24, 0, '', '', '', '', '', '', '1 Drawer', '1 DOOR', '1 ADJUSTABLE SHELF', '', '', 0),
(6, 'SW-B15', 'SW-B15', 2, 1, 0, 0, 17, 15, 35, 24, 0, '', '', '', '', '', '', '1 Drawer', '1 Door', '1 Adjustable Shelf', '', '', 0),
(7, 'SW-B18', 'SW-B18', 2, 1, 0, 0, 23, 18, 35, 24, 0, '', '', '', '', '', '', '1 Drawer', '1 DOOR', '1 adjustable shelf', '', '', 0),
(8, 'SW-B24', 'SW-B24', 2, 1, 0, 0, 8, 24, 35, 24, 0, '', '', '', '', '', '', '1 Drawer', '2 DOOR', '1 adjustable shelf', '', '', 0),
(9, 'SW-B27', 'SW-B27', 2, 1, 0, 2499, 0, 27, 35, 24, 0, '', '', '', '', '', '', '1 Drawer', '2 DOOR', '1 adjustable shelf', '', '', 0),
(10, 'SW-B30', 'SW-B30', 2, 1, 0, 0, 0, 30, 35, 24, 0, '', '', '', '', '', '', '1 Drawer', '2 DOOR', '1 adjustable shelf', '', '', 0),
(11, 'SW-B33', 'SW-B33', 2, 1, 0, 0, 0, 33, 35, 24, 0, '', '', '', '', '', '', '2 DRAWERS', '2 DOOR', '1 ADJUSTABLE SHELF', '', '', 0),
(12, 'SW-B36', 'SW-B36', 2, 1, 0, 0, 20, 36, 35, 24, 0, '', '', '', '', '', '', '2 DRAWERS', '2 DOORS', '1 ADJUSTABLE SHELF', '', '', 0),
(13, 'SW-SB24', 'SW-SB24', 2, 1, 0, 0, 0, 24, 35, 24, 0, '', '', '', '', '', '', '1 FAKE Drawer', '2 DOORS', 'NO SHELF', '', '', 0),
(14, 'SW-SB27', 'SW-SB27', 2, 1, 0, 2533, 0, 27, 35, 24, 0, '', '', '', '', '', '', '1 FAKE Drawer', '2 DOOR', 'NO SHELF', '', '', 0),
(15, 'SW-SB30', 'SW-SB30', 2, 1, 0, 0, 0, 30, 35, 24, 0, '', '', '', '', '', '', '1 FAKE Drawer', '2 DOORS', 'NO SHELF', '', '', 0),
(16, 'SW-SB33', 'SW-SB33', 2, 1, 0, 0, 0, 33, 35, 24, 0, '', '', '', '', '', '', '1 Fake Drawer', '2 Doors', 'No Shelf', '', '', 0),
(17, 'SW-SB36', 'SW-SB36', 2, 1, 0, 0, 20, 36, 35, 24, 0, '', '', '', '', '', '', '1 FAKE Drawer', '2 Doors', 'no shelf', '', '', 0),
(18, 'SW-DB12(3D)', 'SW-DB12(3D)', 2, 1, 0, 0, 11, 12, 35, 24, 0, '', '', '', '', '', '', '3 Drawers', '', '', '', '', 0),
(19, 'SW-DB15(3D)', 'SW-DB15(3D)', 2, 1, 0, 654900, 0, 15, 35, 24, 123, '', '', '', '', '', '', '3 Drawers', '', '', '', '', 0),
(20, 'SW-W1230', 'SW-W1230', 1, 1, 0, 256200, 9, 12.3, 30, 13, 131211123, '/upload/thumbnail/1_16045941265fa429cedb7f01.84133130.png', '', '', '', '', '', '1 DOOR', '2 ADJUSTABLE SHELVES', '', '', '', 0);

-- --------------------------------------------------------

--
-- Table structure for table `product_category`
--

CREATE TABLE `product_category` (
  `product_category_id` int(11) NOT NULL,
  `product_category_title` char(255) NOT NULL,
  `product_category_des` char(255) NOT NULL,
  `product_category_img` char(255) NOT NULL DEFAULT ''
) ENGINE=InnoDB DEFAULT CHARSET=utf8;

--
-- Dumping data for table `product_category`
--

INSERT INTO `product_category` (`product_category_id`, `product_category_title`, `product_category_des`, `product_category_img`) VALUES
(1, 'WALL CABINETS', '', ''),
(2, 'BASE CABINETS', '', ''),
(3, 'MDF Doors', '', ''),
(4, 'Molding & Panels & Filers', '', ''),
(5, 'Corbels & Posts & Valances & Decor Blocks', '', ''),
(6, 'Dummy Doors & Replacements & Samples', '', ''),
(7, 'Bathroom Vanities', '', ''),
(8, 'Hood & Specialty Cabinets & Storage & Organization', '', ''),
(9, 'Pantry & Oven Cabinets', '', ''),
(10, 'Hardware', '', '');

-- --------------------------------------------------------

--
-- Table structure for table `product_relation`
--

CREATE TABLE `product_relation` (
  `product_relation_id` int(11) NOT NULL,
  `product_relation_product_id` int(11) NOT NULL,
  `product_relation_item_id` int(11) NOT NULL,
  `product_relation_item_count` smallint(5) UNSIGNED NOT NULL DEFAULT 0
) ENGINE=InnoDB DEFAULT CHARSET=utf8;

--
-- Dumping data for table `product_relation`
--

INSERT INTO `product_relation` (`product_relation_id`, `product_relation_product_id`, `product_relation_item_id`, `product_relation_item_count`) VALUES
(11, 3, 20, 1),
(12, 3, 235, 1),
(13, 4, 231, 1),
(14, 4, 9, 1),
(15, 5, 232, 1),
(16, 5, 18, 1),
(17, 6, 233, 1),
(18, 6, 13, 1),
(19, 7, 234, 1),
(20, 8, 236, 1),
(21, 8, 21, 1),
(22, 9, 237, 1),
(23, 9, 22, 1),
(24, 10, 238, 1),
(25, 10, 23, 1),
(26, 11, 239, 1),
(27, 11, 24, 1),
(28, 12, 240, 1),
(29, 12, 25, 1),
(34, 14, 242, 1),
(35, 14, 22, 1),
(36, 13, 241, 1),
(37, 13, 21, 1),
(38, 15, 243, 1),
(39, 15, 23, 1),
(42, 16, 244, 1),
(43, 16, 24, 1),
(44, 17, 245, 1),
(45, 17, 25, 1),
(46, 18, 246, 1),
(47, 18, 26, 1),
(164, 19, 247, 1),
(165, 19, 27, 1),
(166, 19, 307, 111),
(167, 2, 94, 1),
(168, 2, 318, 1),
(209, 20, 307, 2),
(210, 20, 83, 2);

-- --------------------------------------------------------

--
-- Table structure for table `register`
--

CREATE TABLE `register` (
  `register_id` int(11) NOT NULL,
  `register_company_name` char(255) NOT NULL DEFAULT '',
  `register_company_number` char(255) NOT NULL DEFAULT '',
  `register_company_owner_first_name` char(255) NOT NULL DEFAULT '',
  `register_company_owner_last_name` char(255) NOT NULL DEFAULT '',
  `register_company_address` char(255) NOT NULL DEFAULT '',
  `register_company_city` char(255) NOT NULL DEFAULT '',
  `register_company_province` char(255) NOT NULL DEFAULT '',
  `register_company_postcode` char(255) NOT NULL DEFAULT '',
  `register_company_country` char(255) NOT NULL DEFAULT '',
  `register_company_phone` char(255) NOT NULL DEFAULT '',
  `register_company_fax` char(255) NOT NULL DEFAULT '',
  `register_company_email` char(255) NOT NULL DEFAULT '',
  `register_company_website` char(255) NOT NULL DEFAULT '',
  `register_first_name` char(255) NOT NULL DEFAULT '',
  `register_last_name` char(255) NOT NULL DEFAULT '',
  `register_role` char(255) NOT NULL DEFAULT '',
  `register_phone` char(255) NOT NULL DEFAULT '',
  `register_email` char(255) NOT NULL DEFAULT '',
  `register_businessCardFile` char(255) NOT NULL DEFAULT '',
  `register_driverLicenseFile` char(255) NOT NULL DEFAULT '',
  `register_company_start_year` char(255) NOT NULL DEFAULT '',
  `register_company_type` char(255) NOT NULL DEFAULT '',
  `register_company_role` char(255) NOT NULL DEFAULT '',
  `register_businessLicenseFile` char(255) NOT NULL DEFAULT '',
  `register_refer_name` char(255) NOT NULL DEFAULT '',
  `register_refer_media` char(255) NOT NULL DEFAULT '',
  `register_reject_reason` text NOT NULL,
  `register_status` tinyint(1) NOT NULL DEFAULT 1 COMMENT ' 0:  1: 2: 3: 4:'
) ENGINE=InnoDB DEFAULT CHARSET=utf8;

--
-- Dumping data for table `register`
--

INSERT INTO `register` (`register_id`, `register_company_name`, `register_company_number`, `register_company_owner_first_name`, `register_company_owner_last_name`, `register_company_address`, `register_company_city`, `register_company_province`, `register_company_postcode`, `register_company_country`, `register_company_phone`, `register_company_fax`, `register_company_email`, `register_company_website`, `register_first_name`, `register_last_name`, `register_role`, `register_phone`, `register_email`, `register_businessCardFile`, `register_driverLicenseFile`, `register_company_start_year`, `register_company_type`, `register_company_role`, `register_businessLicenseFile`, `register_refer_name`, `register_refer_media`, `register_reject_reason`, `register_status`) VALUES
(5, '', '123455', '', '', '', 'Toronto', 'On', '123456', 'Canada', '1234567890', '', 'Test@email.com', '', 'Test', 'Test', 'President', '1234567890', 'Test@email.com', '', '', '2020', 'Corporation', 'Retailer without showroom', '', '', '', '', 4),
(6, 'Company name', '1234567890', 'Cus', 'Name', '123 dt', 'Dt', 'On', 'L1l1l1', 'Canada', '0987654321', '', 'Bill.englander@yahoo.ca', '', 'My', 'Name', 'President', '0987654321', 'Bill.englander@yahoo.ca', '', '', '2019', 'Partnership', 'Retailer', '', '', '', '', 3),
(7, 'I & d wood work ltd', '770248318', 'Imadeddine', 'Hammoud', '69 bessemer rd. unit #11', 'London', 'Ontario', 'N6e 2v6', 'Canada', '5196975677', '', 'Imadwoodworking@gmail.com', 'Www.idwoodworking.com', 'Imadeddine', 'Hammoud', 'President', '5196975677', 'Imadwoodworking@gmail.com', '', '', '2018', 'Corporation', 'Dealer with showroom', '', '', '', '', 3);

-- --------------------------------------------------------

--
-- Table structure for table `user`
--

CREATE TABLE `user` (
  `user_id` int(11) NOT NULL,
  `user_reference_user_id` int(11) NOT NULL DEFAULT 0 COMMENT 'SALES ID',
  `user_user_category_id` int(11) NOT NULL,
  `user_company_location_id` int(11) NOT NULL,
  `user_last_name` char(30) NOT NULL,
  `user_first_name` char(30) NOT NULL,
  `user_email` char(100) NOT NULL,
  `user_avatar` char(255) NOT NULL DEFAULT '/upload/head-default.png',
  `user_pwd` char(64) NOT NULL,
  `user_role` char(30) NOT NULL,
  `user_phone` char(15) NOT NULL,
  `user_fax` char(15) NOT NULL DEFAULT '',
  `user_address` char(255) NOT NULL DEFAULT '',
  `user_business_hour` char(255) NOT NULL DEFAULT '',
  `user_register_time` datetime NOT NULL DEFAULT current_timestamp(),
  `user_last_login_time` datetime NOT NULL DEFAULT current_timestamp(),
  `user_status` tinyint(1) NOT NULL DEFAULT 1
) ENGINE=InnoDB DEFAULT CHARSET=utf8;

--
-- Dumping data for table `user`
--

INSERT INTO `user` (`user_id`, `user_reference_user_id`, `user_user_category_id`, `user_company_location_id`, `user_last_name`, `user_first_name`, `user_email`, `user_avatar`, `user_pwd`, `user_role`, `user_phone`, `user_fax`, `user_address`, `user_business_hour`, `user_register_time`, `user_last_login_time`, `user_status`) VALUES
(1, 0, 1, 1, 'Admin', 'Super', 'superadmin', '/upload/thumbnail/1_15820820845e4ca8242e0d82.15518426.jpg', '01ff38c60e01bba644901f783753adf8', 'President', '9056708787', '', '', '', '2020-02-13 18:02:45', '2020-12-17 20:29:48', 1),
(2, 0, 8, 1, 'Alex', 'Jin', 'Alexander.jin@de-valor.ca', '/upload/head-default.png', '670b14728ad9902aecba32e22fa4f6bd', 'Manager', '6478356087', '', '', '', '2020-03-26 10:13:00', '2020-05-25 11:07:01', 1),
(3, 0, 4, 1, 'Penny', 'Penny', 'penny@de-valor.ca', '/upload/head-default.png', '670b14728ad9902aecba32e22fa4f6bd', 'Others', '6476187588', '', '', '', '2020-03-27 08:26:37', '2020-09-16 06:32:26', 1),
(4, 0, 10, 1, 'Dealer', 'Test', 'test_c@email.com', '/upload/head-default.png', 'e10adc3949ba59abbe56e057f20f883e', 'Others', '6471234567', '', '', '', '2020-05-11 14:45:20', '2020-05-11 14:45:37', 1),
(5, 0, 8, 1, 'Sales01', 'Sales', 'sales01@de-valor.ca', '/upload/head-default.png', 'e10adc3949ba59abbe56e057f20f883e', 'Sales Rep.', '1234567890', '', '', '', '2020-06-08 10:35:57', '2020-06-08 10:35:57', 1),
(6, 0, 8, 1, 'Sales02', 'Sales', 'sales02@de-valor.ca', '/upload/head-default.png', 'e10adc3949ba59abbe56e057f20f883e', 'Sales Rep.', '1234567890', '', '', '', '2020-06-08 10:41:41', '2020-06-08 10:41:41', 1),
(7, 0, 8, 1, 'Sales03', 'Sales03', 'sales03@de-valor.ca', '/upload/head-default.png', 'e10adc3949ba59abbe56e057f20f883e', 'Sales Rep.', '1234567890', '', '', '', '2020-06-08 10:42:25', '2020-06-08 10:42:25', 1),
(9, 0, 10, 2, 'Lizhi', 'Li', 'Li@zlite.com', '/upload/head-default.png', 'e10adc3949ba59abbe56e057f20f883e', 'President', '1234567890', '', '', '', '2020-06-08 10:50:11', '2020-06-08 10:50:11', 1),
(10, 0, 5, 1, 'Zhang', 'Ajin', 'ajin@de-valor.ca', '/upload/head-default.png', '5efe6ca2b0bfa4b93f6c77f78c80f014', 'Others', '6475188108', '', '121 MCMAHON DR.', '9AM-5PM', '2020-06-17 06:59:27', '2020-06-17 06:59:27', 1),
(11, 0, 13, 1, 'Delivery', 'Man', '123@HOTMAIL.COM', '/upload/head-default.png', 'c8837b23ff8aaa8a2dde915473ce0991', 'Others', '6477788777', '', '', '', '2020-06-17 07:00:21', '2020-06-17 07:00:21', 1),
(12, 2, 10, 16, 'Df', 'Ff', 'test@gmail.com', '/upload/head-default.png', '96e79218965eb72c92a549dd5a330112', 'Vice President', '6477734213', '', '41 Copperstone Crescent', '', '2020-11-04 12:10:45', '2020-12-16 18:09:50', 1);

-- --------------------------------------------------------

--
-- Table structure for table `user_category`
--

CREATE TABLE `user_category` (
  `user_category_id` int(11) NOT NULL,
  `user_category_title` char(40) NOT NULL,
  `user_category_authority` text NOT NULL,
  `user_category_level` tinyint(4) NOT NULL
) ENGINE=InnoDB DEFAULT CHARSET=utf8;

--
-- Dumping data for table `user_category`
--

INSERT INTO `user_category` (`user_category_id`, `user_category_title`, `user_category_authority`, `user_category_level`) VALUES
(1, 'Super Admin', '{\"SYSTEM_SETTING\":14,\"USER\":126,\"COMPANY\":62,\"DEALER_APPLICATION\":6,\"ITEM\":30,\"WAREHOUSE\":30,\"INVENTORY\":30,\"INVENTORY_LOG\":2,\"PRODUCT\":30,\"PRODUCT_CATEGORY\":14,\"AGENDA\":6,\"ORDER_MANAGEMENT_ADMIN\":14}', 1),
(2, 'Vice President', '{\"SYSTEM_SETTING\":0,\"USER\":62,\"COMPANY\":62,\"DEALER_APPLICATION\":52}', 2),
(3, 'General Manager', '{\"SYSTEM_SETTING\":0,\"USER\":0,\"COMPANY\":0,\"DEALER_APPLICATION\":0}', 3),
(4, 'General Accountant', '{\"SYSTEM_SETTING\":0,\"USER\":0,\"COMPANY\":62,\"DEALER_APPLICATION\":6,\"ITEM\":30}', 3),
(5, 'Sales Manager', '{\"SYSTEM_SETTING\":0,\"USER\":62,\"COMPANY\":62,\"DEALER_APPLICATION\":6}', 4),
(6, 'Warehouse Manager', '{\"SYSTEM_SETTING\":0,\"USER\":0,\"COMPANY\":0,\"DEALER_APPLICATION\":0}', 4),
(7, 'Accountant', '{\"SYSTEM_SETTING\":0,\"USER\":0,\"COMPANY\":0,\"DEALER_APPLICATION\":0}', 4),
(8, 'Sales', '{\"SYSTEM_SETTING\":0,\"USER\":0,\"COMPANY\":0,\"DEALER_APPLICATION\":0}', 5),
(9, 'Warehouse Supervisor', '{\"SYSTEM_SETTING\":0,\"USER\":0,\"COMPANY\":0,\"DEALER_APPLICATION\":0}', 5),
(10, 'Dealer', '{\"SYSTEM_SETTING\":0,\"USER\":0,\"COMPANY\":0,\"DEALER_APPLICATION\":0,\"ITEM\":0,\"WAREHOUSE\":0,\"INVENTORY\":0,\"INVENTORY_LOG\":0,\"PRODUCT\":0,\"PRODUCT_CATEGORY\":0,\"AGENDA\":0,\"ORDER_MANAGEMENT_ADMIN\":0}', 6),
(11, 'Storekeeper', '{\"SYSTEM_SETTING\":0,\"USER\":0,\"COMPANY\":0,\"DEALER_APPLICATION\":0}', 6),
(12, 'Assembler', '{\"SYSTEM_SETTING\":0,\"USER\":0,\"COMPANY\":0,\"DEALER_APPLICATION\":0}', 6),
(13, 'Deliveryman', '{\"SYSTEM_SETTING\":0,\"USER\":0,\"COMPANY\":0,\"DEALER_APPLICATION\":0}', 6);

-- --------------------------------------------------------

--
-- Table structure for table `warehouse`
--

CREATE TABLE `warehouse` (
  `warehouse_id` int(11) NOT NULL,
  `warehouse_address` char(255) NOT NULL DEFAULT '',
  `warehouse_city` char(50) NOT NULL DEFAULT '',
  `warehouse_province` char(50) NOT NULL DEFAULT '''''',
  `warehouse_country` char(50) NOT NULL DEFAULT '',
  `warehouse_post_code` char(10) NOT NULL DEFAULT '',
  `warehouse_phone` char(15) NOT NULL DEFAULT '',
  `warehouse_fax` char(15) NOT NULL DEFAULT '',
  `warehouse_description` text DEFAULT NULL,
  `warehouse_longitude` float NOT NULL DEFAULT 0,
  `warehouse_latitude` float NOT NULL DEFAULT 0
) ENGINE=InnoDB DEFAULT CHARSET=utf8;

--
-- Dumping data for table `warehouse`
--

INSERT INTO `warehouse` (`warehouse_id`, `warehouse_address`, `warehouse_city`, `warehouse_province`, `warehouse_country`, `warehouse_post_code`, `warehouse_phone`, `warehouse_fax`, `warehouse_description`, `warehouse_longitude`, `warehouse_latitude`) VALUES
(2, '854 Westport Crescent', 'Mississauga', 'ON', 'Canada', 'L5T 1N5', '9056708787', '', '', 0, 0);

-- --------------------------------------------------------

--
-- Table structure for table `warehouse_manager`
--

CREATE TABLE `warehouse_manager` (
  `warehouse_manager_id` int(11) NOT NULL,
  `warehouse_manager_warehouse_id` int(11) NOT NULL,
  `warehouse_manager_user_id` int(11) NOT NULL
) ENGINE=InnoDB DEFAULT CHARSET=latin1;

--
-- Dumping data for table `warehouse_manager`
--

INSERT INTO `warehouse_manager` (`warehouse_manager_id`, `warehouse_manager_warehouse_id`, `warehouse_manager_user_id`) VALUES
(1, 2, 3);

--
-- Indexes for dumped tables
--

--
-- Indexes for table `agenda`
--
ALTER TABLE `agenda`
  ADD PRIMARY KEY (`agenda_id`);

--
-- Indexes for table `billing_address`
--
ALTER TABLE `billing_address`
  ADD PRIMARY KEY (`billing_address_id`);

--
-- Indexes for table `company`
--
ALTER TABLE `company`
  ADD PRIMARY KEY (`company_id`);

--
-- Indexes for table `company_location`
--
ALTER TABLE `company_location`
  ADD PRIMARY KEY (`company_location_id`),
  ADD KEY `company_location_company_idx` (`company_location_company_id`) USING BTREE;

--
-- Indexes for table `file`
--
ALTER TABLE `file`
  ADD PRIMARY KEY (`file_id`),
  ADD KEY `image_section_name_id` (`file_section_name`,`file_section_id`) USING BTREE;

--
-- Indexes for table `inventory`
--
ALTER TABLE `inventory`
  ADD PRIMARY KEY (`inventory_id`),
  ADD UNIQUE KEY `inventory_item_id` (`inventory_item_id`);

--
-- Indexes for table `inventory_log`
--
ALTER TABLE `inventory_log`
  ADD PRIMARY KEY (`inventory_log_id`),
  ADD KEY `inventory_log_operator_id` (`inventory_log_operator_id`),
  ADD KEY `inventory_log_deliver_id` (`inventory_log_deliver_id`),
  ADD KEY `inventory_log_warehouse_id` (`inventory_log_warehouse_id`);

--
-- Indexes for table `inventory_warehouse`
--
ALTER TABLE `inventory_warehouse`
  ADD PRIMARY KEY (`inventory_warehouse_id`),
  ADD KEY `inventory_map_warehouse_id` (`inventory_warehouse_warehouse_id`,`inventory_warehouse_item_id`),
  ADD KEY `inventory_map_item_id` (`inventory_warehouse_item_id`);

--
-- Indexes for table `inventory_warehouse_log`
--
ALTER TABLE `inventory_warehouse_log`
  ADD PRIMARY KEY (`inventory_warehouse_log_id`);

--
-- Indexes for table `item`
--
ALTER TABLE `item`
  ADD PRIMARY KEY (`item_id`),
  ADD UNIQUE KEY `item_sku` (`item_sku`),
  ADD KEY `item_category_id` (`item_item_category_id`),
  ADD KEY `item_style_id` (`item_item_style_id`);

--
-- Indexes for table `item_category`
--
ALTER TABLE `item_category`
  ADD PRIMARY KEY (`item_category_id`);

--
-- Indexes for table `item_style`
--
ALTER TABLE `item_style`
  ADD PRIMARY KEY (`item_style_id`);

--
-- Indexes for table `log_login`
--
ALTER TABLE `log_login`
  ADD PRIMARY KEY (`log_login_id`),
  ADD KEY `log_login_user_id` (`log_login_user_id`);

--
-- Indexes for table `orders`
--
ALTER TABLE `orders`
  ADD PRIMARY KEY (`orders_id`);

--
-- Indexes for table `orders_product`
--
ALTER TABLE `orders_product`
  ADD PRIMARY KEY (`orders_product_id`);

--
-- Indexes for table `product`
--
ALTER TABLE `product`
  ADD PRIMARY KEY (`product_id`),
  ADD KEY `product_product_category_id` (`product_product_category_id`),
  ADD KEY `product_item_style_id` (`product_item_style_id`),
  ADD KEY `product_sku` (`product_sku`);

--
-- Indexes for table `product_category`
--
ALTER TABLE `product_category`
  ADD PRIMARY KEY (`product_category_id`);

--
-- Indexes for table `product_relation`
--
ALTER TABLE `product_relation`
  ADD PRIMARY KEY (`product_relation_id`),
  ADD KEY `product_relation_product_id` (`product_relation_product_id`),
  ADD KEY `product_relation_product_id_2` (`product_relation_product_id`,`product_relation_item_id`);

--
-- Indexes for table `register`
--
ALTER TABLE `register`
  ADD PRIMARY KEY (`register_id`);

--
-- Indexes for table `user`
--
ALTER TABLE `user`
  ADD PRIMARY KEY (`user_id`),
  ADD KEY `user_category_id_idx` (`user_user_category_id`),
  ADD KEY `user_company_location_idx` (`user_company_location_id`) USING BTREE;

--
-- Indexes for table `user_category`
--
ALTER TABLE `user_category`
  ADD PRIMARY KEY (`user_category_id`);

--
-- Indexes for table `warehouse`
--
ALTER TABLE `warehouse`
  ADD PRIMARY KEY (`warehouse_id`);

--
-- Indexes for table `warehouse_manager`
--
ALTER TABLE `warehouse_manager`
  ADD PRIMARY KEY (`warehouse_manager_id`),
  ADD KEY `warehouse_manager_warehouse_id` (`warehouse_manager_warehouse_id`),
  ADD KEY `warehouse_manager_user_id` (`warehouse_manager_user_id`);

--
-- AUTO_INCREMENT for dumped tables
--

--
-- AUTO_INCREMENT for table `agenda`
--
ALTER TABLE `agenda`
  MODIFY `agenda_id` int(11) NOT NULL AUTO_INCREMENT, AUTO_INCREMENT=8;

--
-- AUTO_INCREMENT for table `billing_address`
--
ALTER TABLE `billing_address`
  MODIFY `billing_address_id` int(11) NOT NULL AUTO_INCREMENT, AUTO_INCREMENT=21;

--
-- AUTO_INCREMENT for table `company`
--
ALTER TABLE `company`
  MODIFY `company_id` int(11) NOT NULL AUTO_INCREMENT, AUTO_INCREMENT=19;

--
-- AUTO_INCREMENT for table `company_location`
--
ALTER TABLE `company_location`
  MODIFY `company_location_id` int(11) NOT NULL AUTO_INCREMENT, AUTO_INCREMENT=17;

--
-- AUTO_INCREMENT for table `file`
--
ALTER TABLE `file`
  MODIFY `file_id` int(11) UNSIGNED NOT NULL AUTO_INCREMENT;

--
-- AUTO_INCREMENT for table `inventory`
--
ALTER TABLE `inventory`
  MODIFY `inventory_id` int(11) NOT NULL AUTO_INCREMENT, AUTO_INCREMENT=287;

--
-- AUTO_INCREMENT for table `inventory_log`
--
ALTER TABLE `inventory_log`
  MODIFY `inventory_log_id` int(11) NOT NULL AUTO_INCREMENT, AUTO_INCREMENT=33;

--
-- AUTO_INCREMENT for table `inventory_warehouse`
--
ALTER TABLE `inventory_warehouse`
  MODIFY `inventory_warehouse_id` int(11) NOT NULL AUTO_INCREMENT, AUTO_INCREMENT=1008;

--
-- AUTO_INCREMENT for table `inventory_warehouse_log`
--
ALTER TABLE `inventory_warehouse_log`
  MODIFY `inventory_warehouse_log_id` int(11) NOT NULL AUTO_INCREMENT, AUTO_INCREMENT=318;

--
-- AUTO_INCREMENT for table `item`
--
ALTER TABLE `item`
  MODIFY `item_id` int(11) NOT NULL AUTO_INCREMENT, AUTO_INCREMENT=1008;

--
-- AUTO_INCREMENT for table `item_category`
--
ALTER TABLE `item_category`
  MODIFY `item_category_id` int(11) NOT NULL AUTO_INCREMENT, AUTO_INCREMENT=32;

--
-- AUTO_INCREMENT for table `item_style`
--
ALTER TABLE `item_style`
  MODIFY `item_style_id` int(11) NOT NULL AUTO_INCREMENT, AUTO_INCREMENT=12;

--
-- AUTO_INCREMENT for table `log_login`
--
ALTER TABLE `log_login`
  MODIFY `log_login_id` int(11) NOT NULL AUTO_INCREMENT;

--
-- AUTO_INCREMENT for table `orders_product`
--
ALTER TABLE `orders_product`
  MODIFY `orders_product_id` int(11) NOT NULL AUTO_INCREMENT, AUTO_INCREMENT=33;

--
-- AUTO_INCREMENT for table `product`
--
ALTER TABLE `product`
  MODIFY `product_id` int(11) NOT NULL AUTO_INCREMENT, AUTO_INCREMENT=21;

--
-- AUTO_INCREMENT for table `product_category`
--
ALTER TABLE `product_category`
  MODIFY `product_category_id` int(11) NOT NULL AUTO_INCREMENT, AUTO_INCREMENT=11;

--
-- AUTO_INCREMENT for table `product_relation`
--
ALTER TABLE `product_relation`
  MODIFY `product_relation_id` int(11) NOT NULL AUTO_INCREMENT, AUTO_INCREMENT=211;

--
-- AUTO_INCREMENT for table `register`
--
ALTER TABLE `register`
  MODIFY `register_id` int(11) NOT NULL AUTO_INCREMENT, AUTO_INCREMENT=8;

--
-- AUTO_INCREMENT for table `user`
--
ALTER TABLE `user`
  MODIFY `user_id` int(11) NOT NULL AUTO_INCREMENT, AUTO_INCREMENT=13;

--
-- AUTO_INCREMENT for table `user_category`
--
ALTER TABLE `user_category`
  MODIFY `user_category_id` int(11) NOT NULL AUTO_INCREMENT, AUTO_INCREMENT=14;

--
-- AUTO_INCREMENT for table `warehouse`
--
ALTER TABLE `warehouse`
  MODIFY `warehouse_id` int(11) NOT NULL AUTO_INCREMENT, AUTO_INCREMENT=3;

--
-- AUTO_INCREMENT for table `warehouse_manager`
--
ALTER TABLE `warehouse_manager`
  MODIFY `warehouse_manager_id` int(11) NOT NULL AUTO_INCREMENT, AUTO_INCREMENT=2;

--
-- Constraints for dumped tables
--

--
-- Constraints for table `company_location`
--
ALTER TABLE `company_location`
  ADD CONSTRAINT `company_location_ibfk_1` FOREIGN KEY (`company_location_company_id`) REFERENCES `company` (`company_id`);

--
-- Constraints for table `inventory`
--
ALTER TABLE `inventory`
  ADD CONSTRAINT `inventory_ibfk_1` FOREIGN KEY (`inventory_item_id`) REFERENCES `item` (`item_id`) ON DELETE NO ACTION ON UPDATE NO ACTION;

--
-- Constraints for table `item`
--
ALTER TABLE `item`
  ADD CONSTRAINT `item_ibfk_1` FOREIGN KEY (`item_item_category_id`) REFERENCES `item_category` (`item_category_id`) ON DELETE NO ACTION ON UPDATE NO ACTION,
  ADD CONSTRAINT `item_ibfk_2` FOREIGN KEY (`item_item_style_id`) REFERENCES `item_style` (`item_style_id`) ON DELETE NO ACTION ON UPDATE NO ACTION;

--
-- Constraints for table `log_login`
--
ALTER TABLE `log_login`
  ADD CONSTRAINT `log_login_ibfk_1` FOREIGN KEY (`log_login_user_id`) REFERENCES `user` (`user_id`) ON DELETE NO ACTION ON UPDATE NO ACTION;

--
-- Constraints for table `user`
--
ALTER TABLE `user`
  ADD CONSTRAINT `user_category_id` FOREIGN KEY (`user_user_category_id`) REFERENCES `user_category` (`user_category_id`) ON DELETE NO ACTION ON UPDATE NO ACTION,
  ADD CONSTRAINT `user_store_id` FOREIGN KEY (`user_company_location_id`) REFERENCES `company_location` (`company_location_id`) ON DELETE NO ACTION ON UPDATE NO ACTION;
COMMIT;

/*!40101 SET CHARACTER_SET_CLIENT=@OLD_CHARACTER_SET_CLIENT */;
/*!40101 SET CHARACTER_SET_RESULTS=@OLD_CHARACTER_SET_RESULTS */;
/*!40101 SET COLLATION_CONNECTION=@OLD_COLLATION_CONNECTION */;
