-- phpMyAdmin SQL Dump
-- version 4.9.4
-- https://www.phpmyadmin.net/
--
-- Host: localhost:3306
-- Generation Time: Jun 05, 2020 at 06:49 PM
-- Server version: 5.7.30
-- PHP Version: 7.3.6

SET SQL_MODE = "NO_AUTO_VALUE_ON_ZERO";
SET AUTOCOMMIT = 0;
START TRANSACTION;
SET time_zone = "+00:00";


/*!40101 SET @OLD_CHARACTER_SET_CLIENT=@@CHARACTER_SET_CLIENT */;
/*!40101 SET @OLD_CHARACTER_SET_RESULTS=@@CHARACTER_SET_RESULTS */;
/*!40101 SET @OLD_COLLATION_CONNECTION=@@COLLATION_CONNECTION */;
/*!40101 SET NAMES utf8mb4 */;

--
-- Database: `woodwort_erp`
--

-- --------------------------------------------------------

--
-- Table structure for table `company`
--

CREATE TABLE `company` (
  `company_id` int(11) NOT NULL,
  `company_name` char(150) NOT NULL,
  `company_country` char(50) NOT NULL,
  `company_owner_name` char(150) NOT NULL,
  `company_business_number` char(24) NOT NULL,
  `company_startup_year` char(4) NOT NULL DEFAULT '',
  `company_type` char(100) NOT NULL DEFAULT '',
  `company_role` char(100) NOT NULL DEFAULT '',
  `company_license_file` char(150) NOT NULL DEFAULT ''
) ENGINE=InnoDB DEFAULT CHARSET=utf8;

--
-- Dumping data for table `company`
--

INSERT INTO `company` (`company_id`, `company_name`, `company_country`, `company_owner_name`, `company_business_number`, `company_startup_year`, `company_type`, `company_role`, `company_license_file`) VALUES
(1, 'Woodworth Cabinetry - De-valor International Co. Ltd', 'Canada', 'Felix', '9056708787', '2018', '', '', '');

-- --------------------------------------------------------

--
-- Table structure for table `company_location`
--

CREATE TABLE `company_location` (
  `company_location_id` int(11) NOT NULL,
  `company_location_company_id` int(11) NOT NULL,
  `company_location_is_head_office` tinyint(1) NOT NULL DEFAULT '1',
  `company_location_country` char(50) NOT NULL,
  `company_location_province` char(50) NOT NULL,
  `company_location_city` char(100) NOT NULL,
  `company_location_address` char(255) NOT NULL,
  `company_location_post_code` char(6) NOT NULL,
  `company_location_phone` char(15) NOT NULL DEFAULT '',
  `company_location_email` char(150) NOT NULL DEFAULT '',
  `company_location_fax` char(15) NOT NULL DEFAULT '',
  `company_location_website` char(255) NOT NULL DEFAULT ''
) ENGINE=InnoDB DEFAULT CHARSET=utf8;

--
-- Dumping data for table `company_location`
--

INSERT INTO `company_location` (`company_location_id`, `company_location_company_id`, `company_location_is_head_office`, `company_location_country`, `company_location_province`, `company_location_city`, `company_location_address`, `company_location_post_code`, `company_location_phone`, `company_location_email`, `company_location_fax`, `company_location_website`) VALUES
(1, 1, 1, 'Canada', 'On', 'Mississauga', '854 westport cres.', 'L5T1N5', '9056708787', 'info@woodworthcabinetry.com', '', 'woodworthcabinetry.com');

-- --------------------------------------------------------

--
-- Table structure for table `file`
--

CREATE TABLE `file` (
  `file_id` int(11) UNSIGNED NOT NULL,
  `file_type` char(10) COLLATE utf8mb4_unicode_ci NOT NULL DEFAULT 'img',
  `file_url` char(155) COLLATE utf8mb4_unicode_ci NOT NULL,
  `file_original_url` char(155) COLLATE utf8mb4_unicode_ci NOT NULL DEFAULT '',
  `file_height` int(5) UNSIGNED NOT NULL DEFAULT '0',
  `file_width` int(5) UNSIGNED NOT NULL DEFAULT '0',
  `file_section_name` char(30) COLLATE utf8mb4_unicode_ci NOT NULL,
  `file_section_id` int(11) UNSIGNED NOT NULL,
  `file_post_time` datetime NOT NULL DEFAULT CURRENT_TIMESTAMP,
  `file_status` tinyint(4) NOT NULL DEFAULT '1'
) ENGINE=InnoDB DEFAULT CHARSET=utf8mb4 COLLATE=utf8mb4_unicode_ci;

-- --------------------------------------------------------

--
-- Table structure for table `inventory`
--

CREATE TABLE `inventory` (
  `inventory_id` int(11) NOT NULL,
  `inventory_item_id` int(11) NOT NULL,
  `inventory_count` int(11) NOT NULL DEFAULT '0'
) ENGINE=InnoDB DEFAULT CHARSET=utf8;

--
-- Dumping data for table `inventory`
--

INSERT INTO `inventory` (`inventory_id`, `inventory_item_id`, `inventory_count`) VALUES
(1, 18, 0),
(2, 13, 0),
(3, 9, 0),
(4, 227, 1),
(5, 220, 8),
(6, 221, 8),
(7, 222, 10),
(8, 223, 10),
(9, 224, 8);

-- --------------------------------------------------------

--
-- Table structure for table `inventory_log`
--

CREATE TABLE `inventory_log` (
  `inventory_log_id` int(11) NOT NULL,
  `inventory_log_warehouse_id` int(11) NOT NULL,
  `inventory_log_operator_id` int(11) NOT NULL,
  `inventory_log_deliver_id` int(11) NOT NULL,
  `inventory_log_type` char(10) NOT NULL COMMENT '1:in, 0:out',
  `inventory_log_time` datetime NOT NULL DEFAULT CURRENT_TIMESTAMP,
  `inventory_log_note` text
) ENGINE=InnoDB DEFAULT CHARSET=utf8;

--
-- Dumping data for table `inventory_log`
--

INSERT INTO `inventory_log` (`inventory_log_id`, `inventory_log_warehouse_id`, `inventory_log_operator_id`, `inventory_log_deliver_id`, `inventory_log_type`, `inventory_log_time`, `inventory_log_note`) VALUES
(1, 1, 1, 2, 'in', '2020-05-05 16:35:59', 'GOODb123'),
(2, 1, 1, 0, 'in', '2020-05-07 14:01:38', ''),
(3, 1, 1, 0, 'out', '2020-05-21 06:42:36', ''),
(4, 1, 1, 0, 'out', '2020-05-21 06:42:50', ''),
(5, 1, 1, 0, 'out', '2020-05-21 06:42:58', ''),
(6, 1, 1, 0, 'out', '2020-05-21 06:43:16', ''),
(7, 2, 1, 0, 'in', '2020-06-01 07:25:56', ''),
(8, 2, 1, 0, 'in', '2020-06-01 07:30:21', ''),
(9, 2, 1, 0, 'out', '2020-06-01 07:34:12', '');

-- --------------------------------------------------------

--
-- Table structure for table `inventory_warehouse`
--

CREATE TABLE `inventory_warehouse` (
  `inventory_warehouse_id` int(11) NOT NULL,
  `inventory_warehouse_warehouse_id` int(11) NOT NULL,
  `inventory_warehouse_item_id` int(11) NOT NULL,
  `inventory_warehouse_aisle` char(10) NOT NULL DEFAULT '',
  `inventory_warehouse_column` char(10) NOT NULL DEFAULT '',
  `inventory_warehouse_count` int(11) NOT NULL DEFAULT '0'
) ENGINE=InnoDB DEFAULT CHARSET=utf8;

--
-- Dumping data for table `inventory_warehouse`
--

INSERT INTO `inventory_warehouse` (`inventory_warehouse_id`, `inventory_warehouse_warehouse_id`, `inventory_warehouse_item_id`, `inventory_warehouse_aisle`, `inventory_warehouse_column`, `inventory_warehouse_count`) VALUES
(7, 2, 227, '0', '0', 1),
(8, 2, 225, '0', '0', 0),
(9, 2, 226, '0', '0', 0),
(10, 2, 224, '0', '0', 8),
(11, 2, 223, '0', '0', 10),
(12, 2, 222, '0', '0', 10),
(13, 2, 221, '1', '1', 8),
(14, 2, 220, '1', '1', 8);

-- --------------------------------------------------------

--
-- Table structure for table `inventory_warehouse_log`
--

CREATE TABLE `inventory_warehouse_log` (
  `inventory_warehouse_log_id` int(11) NOT NULL,
  `inventory_warehouse_log_inventory_log_id` int(11) NOT NULL,
  `inventory_warehouse_log_item_id` int(11) NOT NULL,
  `inventory_warehouse_log_count` int(11) NOT NULL
) ENGINE=InnoDB DEFAULT CHARSET=utf8;

--
-- Dumping data for table `inventory_warehouse_log`
--

INSERT INTO `inventory_warehouse_log` (`inventory_warehouse_log_id`, `inventory_warehouse_log_inventory_log_id`, `inventory_warehouse_log_item_id`, `inventory_warehouse_log_count`) VALUES
(1, 1, 18, 901),
(2, 2, 13, 23),
(3, 2, 9, 2),
(4, 2, 18, 121),
(5, 3, 13, -23),
(6, 4, 9, -2),
(7, 5, 18, -1022),
(8, 6, 9, 0),
(9, 7, 227, 1),
(10, 8, 220, 10),
(11, 8, 221, 10),
(12, 8, 222, 10),
(13, 8, 223, 10),
(14, 8, 224, 8),
(15, 9, 220, -2),
(16, 9, 221, -2);

-- --------------------------------------------------------

--
-- Table structure for table `item`
--

CREATE TABLE `item` (
  `item_id` int(11) NOT NULL,
  `item_item_category_id` int(11) NOT NULL,
  `item_item_style_id` int(11) NOT NULL,
  `item_sku` char(50) NOT NULL,
  `item_name` char(150) NOT NULL DEFAULT '',
  `item_l` decimal(6,4) NOT NULL,
  `item_w` decimal(6,4) NOT NULL,
  `item_h` decimal(6,4) NOT NULL,
  `item_description` char(255) NOT NULL DEFAULT '',
  `item_price` decimal(8,2) NOT NULL,
  `item_image` char(150) NOT NULL DEFAULT ''
) ENGINE=InnoDB DEFAULT CHARSET=utf8;

--
-- Dumping data for table `item`
--

INSERT INTO `item` (`item_id`, `item_item_category_id`, `item_item_style_id`, `item_sku`, `item_name`, `item_l`, `item_w`, `item_h`, `item_description`, `item_price`, `item_image`) VALUES
(9, 19, 1, 'SW-B09-F', '', 0.0000, 0.0000, 0.0000, '', 0.00, ''),
(13, 19, 1, 'SW-B15-F', '', 0.0000, 0.0000, 0.0000, '', 0.00, ''),
(18, 19, 1, 'SW-B12-F', '', 0.0000, 0.0000, 0.0000, '', 0.00, ''),
(19, 19, 1, 'SW-B18-F', '', 0.0000, 0.0000, 0.0000, '', 0.00, ''),
(20, 19, 1, 'SW-B21-F', '', 0.0000, 0.0000, 0.0000, '', 0.00, ''),
(21, 19, 1, 'SW-B24-F', '', 0.0000, 0.0000, 0.0000, '', 0.00, ''),
(22, 19, 1, 'SW-B27-F', '', 0.0000, 0.0000, 0.0000, '', 0.00, ''),
(23, 19, 1, 'SW-B30-F', '', 0.0000, 0.0000, 0.0000, '', 0.00, ''),
(24, 19, 1, 'SW-B33-F', '', 0.0000, 0.0000, 0.0000, '', 0.00, ''),
(25, 19, 1, 'SW-B36-F', '', 0.0000, 0.0000, 0.0000, '', 0.00, ''),
(26, 19, 1, 'SW-DB12(3D)-F', '', 0.0000, 0.0000, 0.0000, '', 0.00, ''),
(27, 19, 1, 'SW-DB15(3D)-F', '', 0.0000, 0.0000, 0.0000, '', 0.00, ''),
(28, 19, 1, 'SW-DB18(3D)-F', '', 0.0000, 0.0000, 0.0000, '', 0.00, ''),
(29, 19, 1, 'SW-DB21(3D)-F', '', 0.0000, 0.0000, 0.0000, '', 0.00, ''),
(30, 19, 1, 'SW-DB24(3D)-F', '', 0.0000, 0.0000, 0.0000, '', 0.00, ''),
(31, 19, 1, 'SW-DB27(3D)-F', '', 0.0000, 0.0000, 0.0000, '', 0.00, ''),
(32, 19, 1, 'SW-DB30(3D)-F', '', 0.0000, 0.0000, 0.0000, '', 0.00, ''),
(33, 19, 1, 'SW-DB33(3D)-F', '', 0.0000, 0.0000, 0.0000, '', 0.00, ''),
(34, 19, 1, 'SW-DB36(3D)-F', '', 0.0000, 0.0000, 0.0000, '', 0.00, ''),
(35, 25, 1, 'SW-VDB12(3D)', '', 0.0000, 0.0000, 0.0000, '', 0.00, ''),
(36, 25, 1, 'SW-VDB15(3D)', '', 0.0000, 0.0000, 0.0000, '', 0.00, ''),
(37, 25, 1, 'SW-VDB18(3D)', '', 0.0000, 0.0000, 0.0000, '', 0.00, ''),
(38, 25, 1, 'SW-VDB21(3D)', '', 0.0000, 0.0000, 0.0000, '', 0.00, ''),
(39, 25, 1, 'SW-VDB24(3D)', '', 0.0000, 0.0000, 0.0000, '', 0.00, ''),
(40, 25, 1, 'SW-VDB27(3D)', '', 0.0000, 0.0000, 0.0000, '', 0.00, ''),
(41, 25, 1, 'SW-VDB30(3D)', '', 0.0000, 0.0000, 0.0000, '', 0.00, ''),
(42, 25, 1, 'SW-VDB33(3D)', '', 0.0000, 0.0000, 0.0000, '', 0.00, ''),
(43, 25, 1, 'SW-VDB36(3D)', '', 0.0000, 0.0000, 0.0000, '', 0.00, ''),
(44, 25, 1, 'SW-VSB24', '', 0.0000, 0.0000, 0.0000, '', 0.00, ''),
(45, 25, 1, 'SW-VSB27', '', 0.0000, 0.0000, 0.0000, '', 0.00, ''),
(46, 25, 1, 'SW-VSB30', '', 0.0000, 0.0000, 0.0000, '', 0.00, ''),
(47, 25, 1, 'SW-VSB33', '', 0.0000, 0.0000, 0.0000, '', 0.00, ''),
(48, 25, 1, 'SW-VSB36', '', 0.0000, 0.0000, 0.0000, '', 0.00, ''),
(49, 25, 1, 'SW-VSD30(L/R)', '', 0.0000, 0.0000, 0.0000, '', 0.00, ''),
(50, 25, 1, 'SW-VSD36(L/R)', '', 0.0000, 0.0000, 0.0000, '', 0.00, ''),
(51, 25, 1, 'SW-VSD42(L/R)', '', 0.0000, 0.0000, 0.0000, '', 0.00, ''),
(52, 19, 1, 'SW-BLB39/42-F', '', 0.0000, 0.0000, 0.0000, '', 0.00, ''),
(53, 19, 1, 'SW-BLB42/45-F', '', 0.0000, 0.0000, 0.0000, '', 0.00, ''),
(54, 19, 1, 'SW-LSB33-F', '', 0.0000, 0.0000, 0.0000, '', 0.00, ''),
(55, 19, 1, 'SW-LSB36-F', '', 0.0000, 0.0000, 0.0000, '', 0.00, ''),
(56, 19, 1, 'SW-BMC30-F', '', 0.0000, 0.0000, 0.0000, '', 0.00, ''),
(57, 20, 1, 'SW-W1212-F', '', 0.0000, 0.0000, 0.0000, '', 0.00, ''),
(58, 20, 1, 'SW-W1512-F', '', 0.0000, 0.0000, 0.0000, '', 0.00, ''),
(59, 20, 1, 'SW-W1812-F', '', 0.0000, 0.0000, 0.0000, '', 0.00, ''),
(60, 20, 1, 'SW-W2112-F', '', 0.0000, 0.0000, 0.0000, '', 0.00, ''),
(61, 20, 1, 'SW-W2412-F', '', 0.0000, 0.0000, 0.0000, '', 0.00, ''),
(62, 20, 1, 'SW-W2712-F', '', 0.0000, 0.0000, 0.0000, '', 0.00, ''),
(63, 20, 1, 'SW-W3012-F', '', 0.0000, 0.0000, 0.0000, '', 0.00, ''),
(64, 20, 1, 'SW-W3312-F', '', 0.0000, 0.0000, 0.0000, '', 0.00, ''),
(65, 20, 1, 'SW-W3612-F', '', 0.0000, 0.0000, 0.0000, '', 0.00, ''),
(66, 20, 1, 'SW-W3015-F', '', 0.0000, 0.0000, 0.0000, '', 0.00, ''),
(67, 20, 1, 'SW-W3315-F', '', 0.0000, 0.0000, 0.0000, '', 0.00, ''),
(68, 20, 1, 'SW-W3615-F', '', 0.0000, 0.0000, 0.0000, '', 0.00, ''),
(69, 20, 1, 'SW-W2418-F', '', 0.0000, 0.0000, 0.0000, '', 0.00, ''),
(70, 20, 1, 'SW-W2718-F', '', 0.0000, 0.0000, 0.0000, '', 0.00, ''),
(71, 20, 1, 'SW-W3018-F', '', 0.0000, 0.0000, 0.0000, '', 0.00, ''),
(72, 20, 1, 'SW-W3318-F', '', 0.0000, 0.0000, 0.0000, '', 0.00, ''),
(73, 20, 1, 'SW-W3618-F', '', 0.0000, 0.0000, 0.0000, '', 0.00, ''),
(74, 20, 1, 'SW-W2421-F', '', 0.0000, 0.0000, 0.0000, '', 0.00, ''),
(75, 20, 1, 'SW-W2721-F', '', 0.0000, 0.0000, 0.0000, '', 0.00, ''),
(76, 20, 1, 'SW-W3021-F', '', 0.0000, 0.0000, 0.0000, '', 0.00, ''),
(77, 20, 1, 'SW-W3321-F', '', 0.0000, 0.0000, 0.0000, '', 0.00, ''),
(78, 20, 1, 'SW-W3621-F', '', 0.0000, 0.0000, 0.0000, '', 0.00, ''),
(79, 20, 1, 'SW-W3024-F', '', 0.0000, 0.0000, 0.0000, '', 0.00, ''),
(80, 20, 1, 'SW-W3324-F', '', 0.0000, 0.0000, 0.0000, '', 0.00, ''),
(81, 20, 1, 'SW-W3624-F', '', 0.0000, 0.0000, 0.0000, '', 0.00, ''),
(82, 20, 1, 'SW-W0930-F', '', 0.0000, 0.0000, 0.0000, '', 0.00, ''),
(83, 20, 1, 'SW-W1230-F', '', 0.0000, 0.0000, 0.0000, '', 0.00, ''),
(84, 20, 1, 'SW-W1530-F', '', 0.0000, 0.0000, 0.0000, '', 0.00, ''),
(85, 20, 1, 'SW-W1830-F', '', 0.0000, 0.0000, 0.0000, '', 0.00, ''),
(86, 20, 1, 'SW-W2130-F', '', 0.0000, 0.0000, 0.0000, '', 0.00, ''),
(87, 20, 1, 'SW-W2430-F', '', 0.0000, 0.0000, 0.0000, '', 0.00, ''),
(88, 20, 1, 'SW-W2730-F', '', 0.0000, 0.0000, 0.0000, '', 0.00, ''),
(89, 20, 1, 'SW-W3030-F', '', 0.0000, 0.0000, 0.0000, '', 0.00, ''),
(90, 20, 1, 'SW-W3330-F', '', 0.0000, 0.0000, 0.0000, '', 0.00, ''),
(91, 20, 1, 'SW-W3630-F', '', 0.0000, 0.0000, 0.0000, '', 0.00, ''),
(92, 20, 1, 'SW-W3930-F', '', 0.0000, 0.0000, 0.0000, '', 0.00, ''),
(93, 20, 1, 'SW-W4230-F', '', 0.0000, 0.0000, 0.0000, '', 0.00, ''),
(94, 20, 1, 'SW-W0936-F', '', 0.0000, 0.0000, 0.0000, '', 0.00, ''),
(95, 20, 1, 'SW-W1236-F', '', 0.0000, 0.0000, 0.0000, '', 0.00, ''),
(96, 20, 1, 'SW-W1536-F', '', 0.0000, 0.0000, 0.0000, '', 0.00, ''),
(97, 20, 1, 'SW-W1836-F', '', 0.0000, 0.0000, 0.0000, '', 0.00, ''),
(98, 20, 1, 'SW-W2136-F', '', 0.0000, 0.0000, 0.0000, '', 0.00, ''),
(99, 20, 1, 'SW-W2436-F', '', 0.0000, 0.0000, 0.0000, '', 0.00, ''),
(100, 20, 1, 'SW-W2736-F', '', 0.0000, 0.0000, 0.0000, '', 0.00, ''),
(101, 20, 1, 'SW-W3036-F', '', 0.0000, 0.0000, 0.0000, '', 0.00, ''),
(102, 20, 1, 'SW-W3336-F', '', 0.0000, 0.0000, 0.0000, '', 0.00, ''),
(103, 20, 1, 'SW-W3636-F', '', 0.0000, 0.0000, 0.0000, '', 0.00, ''),
(104, 20, 1, 'SW-W3936-F', '', 0.0000, 0.0000, 0.0000, '', 0.00, ''),
(105, 20, 1, 'SW-W4236-F', '', 0.0000, 0.0000, 0.0000, '', 0.00, ''),
(106, 20, 1, 'SW-W0942-F', '', 0.0000, 0.0000, 0.0000, '', 0.00, ''),
(107, 20, 1, 'SW-W1242-F', '', 0.0000, 0.0000, 0.0000, '', 0.00, ''),
(108, 20, 1, 'SW-W1542-F', '', 0.0000, 0.0000, 0.0000, '', 0.00, ''),
(109, 20, 1, 'SW-W1842-F', '', 0.0000, 0.0000, 0.0000, '', 0.00, ''),
(110, 20, 1, 'SW-W2142-F', '', 0.0000, 0.0000, 0.0000, '', 0.00, ''),
(111, 20, 1, 'SW-W2442-F', '', 0.0000, 0.0000, 0.0000, '', 0.00, ''),
(112, 20, 1, 'SW-W2742-F', '', 0.0000, 0.0000, 0.0000, '', 0.00, ''),
(113, 20, 1, 'SW-W3042-F', '', 0.0000, 0.0000, 0.0000, '', 0.00, ''),
(114, 20, 1, 'SW-W3342-F', '', 0.0000, 0.0000, 0.0000, '', 0.00, ''),
(115, 20, 1, 'SW-W3642-F', '', 0.0000, 0.0000, 0.0000, '', 0.00, ''),
(116, 20, 1, 'SW-W3942-F', '', 0.0000, 0.0000, 0.0000, '', 0.00, ''),
(117, 20, 1, 'SW-W4242-F', '', 0.0000, 0.0000, 0.0000, '', 0.00, ''),
(118, 20, 1, 'SW-WDC2412-F', '', 0.0000, 0.0000, 0.0000, '', 0.00, ''),
(119, 20, 1, 'SW-WDC2430-F', '', 0.0000, 0.0000, 0.0000, '', 0.00, ''),
(120, 20, 1, 'SW-WDC2436-F', '', 0.0000, 0.0000, 0.0000, '', 0.00, ''),
(121, 20, 1, 'SW-WDC2442-F', '', 0.0000, 0.0000, 0.0000, '', 0.00, ''),
(122, 20, 1, 'SW-WOE1230', '', 0.0000, 0.0000, 0.0000, '', 0.00, ''),
(123, 20, 1, 'SW-WOE1236', '', 0.0000, 0.0000, 0.0000, '', 0.00, ''),
(124, 20, 1, 'SW-WOE1242', '', 0.0000, 0.0000, 0.0000, '', 0.00, ''),
(125, 20, 1, 'SW-WMO2430', '', 0.0000, 0.0000, 0.0000, '', 0.00, ''),
(126, 20, 2, 'SW-WMO2730', '', 0.0000, 0.0000, 0.0000, '', 0.00, ''),
(127, 20, 1, 'SW-WMO3030', '', 0.0000, 0.0000, 0.0000, '', 0.00, ''),
(128, 20, 1, 'SW-WMO2436', '', 0.0000, 0.0000, 0.0000, '', 0.00, ''),
(129, 20, 1, 'SW-WMO2736', '', 0.0000, 0.0000, 0.0000, '', 0.00, ''),
(130, 20, 1, 'SW-WMO3036', '', 0.0000, 0.0000, 0.0000, '', 0.00, ''),
(131, 20, 1, 'SW-WMO2442', '', 0.0000, 0.0000, 0.0000, '', 0.00, ''),
(132, 20, 1, 'SW-WMO2742', '', 0.0000, 0.0000, 0.0000, '', 0.00, ''),
(133, 20, 1, 'SW-WMO3042', '', 0.0000, 0.0000, 0.0000, '', 0.00, ''),
(134, 22, 1, 'SW-TP1584-F', '', 0.0000, 0.0000, 0.0000, '', 0.00, ''),
(135, 22, 1, 'SW-TP1884-F', '', 0.0000, 0.0000, 0.0000, '', 0.00, ''),
(136, 22, 1, 'SW-TP2484-F', '', 0.0000, 0.0000, 0.0000, '', 0.00, ''),
(137, 22, 1, 'SW-TP3084-F', '', 0.0000, 0.0000, 0.0000, '', 0.00, ''),
(138, 22, 1, 'SW-TP1590-F', '', 0.0000, 0.0000, 0.0000, '', 0.00, ''),
(139, 22, 1, 'SW-TP1890-F', '', 0.0000, 0.0000, 0.0000, '', 0.00, ''),
(140, 22, 1, 'SW-TP2490-F', '', 0.0000, 0.0000, 0.0000, '', 0.00, ''),
(141, 22, 1, 'SW-TP3090-F', '', 0.0000, 0.0000, 0.0000, '', 0.00, ''),
(142, 22, 1, 'SW-TP1596-F', '', 0.0000, 0.0000, 0.0000, '', 0.00, ''),
(143, 22, 1, 'SW-TP1896-F', '', 0.0000, 0.0000, 0.0000, '', 0.00, ''),
(144, 22, 1, 'SW-TP2496-F', '', 0.0000, 0.0000, 0.0000, '', 0.00, ''),
(145, 22, 1, 'SW-TP3096-F', '', 0.0000, 0.0000, 0.0000, '', 0.00, ''),
(147, 23, 1, 'SW-WR1818', '', 0.0000, 0.0000, 0.0000, '', 0.00, ''),
(148, 23, 1, 'SW-WR3018', '', 0.0000, 0.0000, 0.0000, '', 0.00, ''),
(149, 23, 1, 'SW-WR3618', '', 0.0000, 0.0000, 0.0000, '', 0.00, ''),
(150, 23, 1, 'SW-SGH30', '', 0.0000, 0.0000, 0.0000, '', 0.00, ''),
(151, 23, 1, 'SW-SGH36', '', 0.0000, 0.0000, 0.0000, '', 0.00, ''),
(152, 24, 1, 'SW-RHA363021', '', 0.0000, 0.0000, 0.0000, '', 0.00, ''),
(153, 24, 1, 'SW-RHA423021', '', 0.0000, 0.0000, 0.0000, '', 0.00, ''),
(154, 26, 1, 'SW-WP1230', '', 0.0000, 0.0000, 0.0000, '', 0.00, ''),
(155, 26, 1, 'SW-WP1530', '', 0.0000, 0.0000, 0.0000, '', 0.00, ''),
(156, 26, 1, 'SW-WP1830', '', 0.0000, 0.0000, 0.0000, '', 0.00, ''),
(157, 26, 1, 'SW-WP2130', '', 0.0000, 0.0000, 0.0000, '', 0.00, ''),
(158, 26, 1, 'SW-WP2430', '', 0.0000, 0.0000, 0.0000, '', 0.00, ''),
(159, 26, 1, 'SW-WP-VDD', '', 0.0000, 0.0000, 0.0000, '', 0.00, ''),
(160, 26, 1, 'SW-WP-BASE', '', 0.0000, 0.0000, 0.0000, '', 0.00, ''),
(161, 26, 1, 'SW-WP-W12', '', 0.0000, 0.0000, 0.0000, '', 0.00, ''),
(162, 26, 1, 'SW-WP-W30', '', 0.0000, 0.0000, 0.0000, '', 0.00, ''),
(163, 26, 1, 'SW-WP-W36', '', 0.0000, 0.0000, 0.0000, '', 0.00, ''),
(164, 26, 1, 'SW-WP-W42', '', 0.0000, 0.0000, 0.0000, '', 0.00, ''),
(165, 26, 1, 'SW-WP-T84', '', 0.0000, 0.0000, 0.0000, '', 0.00, ''),
(166, 26, 1, 'SW-WP-T90', '', 0.0000, 0.0000, 0.0000, '', 0.00, ''),
(167, 26, 1, 'SW-WP-T96', '', 0.0000, 0.0000, 0.0000, '', 0.00, ''),
(168, 27, 1, 'SW-DWR3', '', 0.0000, 0.0000, 0.0000, '', 0.00, ''),
(169, 27, 1, 'SW-RRP9627(3/4)', '', 0.0000, 0.0000, 0.0000, '', 0.00, ''),
(170, 27, 1, 'SW-RRP8427(3)', '', 0.0000, 0.0000, 0.0000, '', 0.00, ''),
(171, 27, 1, 'SW-RRP9027(3)', '', 0.0000, 0.0000, 0.0000, '', 0.00, ''),
(172, 22, 1, 'SW-RRP9627(3)', '', 0.0000, 0.0000, 0.0000, '', 0.00, ''),
(173, 27, 1, 'SW-BP3696', '', 0.0000, 0.0000, 0.0000, '', 0.00, ''),
(174, 27, 1, 'SW-BP4896', '', 0.0000, 0.0000, 0.0000, '', 0.00, ''),
(175, 27, 1, 'SW-BS24', '', 0.0000, 0.0000, 0.0000, '', 0.00, ''),
(176, 27, 1, 'SW-WS1230', '', 0.0000, 0.0000, 0.0000, '', 0.00, ''),
(177, 27, 1, 'SW-WS1236', '', 0.0000, 0.0000, 0.0000, '', 0.00, ''),
(178, 27, 1, 'SW-WS1242', '', 0.0000, 0.0000, 0.0000, '', 0.00, ''),
(179, 27, 1, 'SW-WS1248', '', 0.0000, 0.0000, 0.0000, '', 0.00, ''),
(180, 27, 1, 'SW-WS1254', '', 0.0000, 0.0000, 0.0000, '', 0.00, ''),
(181, 27, 1, 'SW-TS2796', '', 0.0000, 0.0000, 0.0000, '', 0.00, ''),
(182, 27, 1, 'SW-TK8', '', 0.0000, 0.0000, 0.0000, '', 0.00, ''),
(183, 28, 1, 'SW-BBM1', '', 0.0000, 0.0000, 0.0000, '', 0.00, ''),
(184, 28, 1, 'SW-BBM2', '', 0.0000, 0.0000, 0.0000, '', 0.00, ''),
(185, 28, 1, 'SW-ICM8', '', 0.0000, 0.0000, 0.0000, '', 0.00, ''),
(186, 28, 1, 'SW-QRM8', '', 0.0000, 0.0000, 0.0000, '', 0.00, ''),
(187, 28, 1, 'SW-OCM8', '', 0.0000, 0.0000, 0.0000, '', 0.00, ''),
(188, 28, 1, 'SW-SM8-S', '', 0.0000, 0.0000, 0.0000, '', 0.00, ''),
(189, 28, 1, 'SW-SM8-D', '', 0.0000, 0.0000, 0.0000, '', 0.00, ''),
(190, 28, 1, 'SW-LRM1', '', 0.0000, 0.0000, 0.0000, '', 0.00, ''),
(191, 28, 1, 'SW-LRM2', '', 0.0000, 0.0000, 0.0000, '', 0.00, ''),
(192, 28, 1, 'SW-CM-1', '', 0.0000, 0.0000, 0.0000, '', 0.00, ''),
(193, 28, 1, 'SW-CM-1B', '', 0.0000, 0.0000, 0.0000, '', 0.00, ''),
(194, 28, 1, 'SW-CM-3', '', 0.0000, 0.0000, 0.0000, '', 0.00, ''),
(195, 28, 1, 'SW-CM-3B', '', 0.0000, 0.0000, 0.0000, '', 0.00, ''),
(196, 28, 1, 'SW-CM-4', '', 0.0000, 0.0000, 0.0000, '', 0.00, ''),
(197, 28, 1, 'SW-CM-4B', '', 0.0000, 0.0000, 0.0000, '', 0.00, ''),
(198, 28, 1, 'SW-CM-6', '', 0.0000, 0.0000, 0.0000, '', 0.00, ''),
(199, 28, 1, 'SW-CM-6B', '', 0.0000, 0.0000, 0.0000, '', 0.00, ''),
(200, 27, 1, 'SW-WF330', '', 0.0000, 0.0000, 0.0000, '', 0.00, ''),
(201, 27, 1, 'SW-WF336', '', 0.0000, 0.0000, 0.0000, '', 0.00, ''),
(202, 27, 1, 'SW-WF342', '', 0.0000, 0.0000, 0.0000, '', 0.00, ''),
(203, 27, 1, 'SW-WF630', '', 0.0000, 0.0000, 0.0000, '', 0.00, ''),
(204, 27, 1, 'SW-WF636', '', 0.0000, 0.0000, 0.0000, '', 0.00, ''),
(205, 27, 1, 'SW-WF642', '', 0.0000, 0.0000, 0.0000, '', 0.00, ''),
(206, 27, 1, 'SW-TF396', '', 0.0000, 0.0000, 0.0000, '', 0.00, ''),
(207, 27, 1, 'SW-TF696', '', 0.0000, 0.0000, 0.0000, '', 0.00, ''),
(208, 27, 1, 'SW-BF3', '', 0.0000, 0.0000, 0.0000, '', 0.00, ''),
(209, 27, 1, 'SW-BF6', '', 0.0000, 0.0000, 0.0000, '', 0.00, ''),
(210, 27, 1, 'SW-BFF3', '', 0.0000, 0.0000, 0.0000, '', 0.00, ''),
(211, 27, 1, 'SW-WFF330', '', 0.0000, 0.0000, 0.0000, '', 0.00, ''),
(212, 27, 1, 'SW-WFF336', '', 0.0000, 0.0000, 0.0000, '', 0.00, ''),
(213, 27, 1, 'SW-WFF342', '', 0.0000, 0.0000, 0.0000, '', 0.00, ''),
(214, 27, 1, 'SW-WFF384', '', 0.0000, 0.0000, 0.0000, '', 0.00, ''),
(215, 27, 1, 'SW-WFF390', '', 0.0000, 0.0000, 0.0000, '', 0.00, ''),
(216, 27, 1, 'SW-WFF396', '', 0.0000, 0.0000, 0.0000, '', 0.00, ''),
(217, 29, 1, 'SW-VA36', '', 0.0000, 0.0000, 0.0000, '', 0.00, ''),
(218, 29, 1, 'SW-VA42', '', 0.0000, 0.0000, 0.0000, '', 0.00, ''),
(219, 29, 1, 'SW-VARP36', '', 0.0000, 0.0000, 0.0000, '', 0.00, ''),
(220, 29, 1, 'SW-VARP48', '', 0.0000, 0.0000, 0.0000, '', 0.00, ''),
(221, 29, 1, 'SW-VARP54', '', 0.0000, 0.0000, 0.0000, '', 0.00, ''),
(222, 30, 1, 'SW-CML', '', 0.0000, 0.0000, 0.0000, '', 0.00, ''),
(223, 30, 1, 'SW-SP36', '', 0.0000, 0.0000, 0.0000, '', 0.00, ''),
(224, 30, 1, 'SW-PP-BASE', '', 0.0000, 0.0000, 0.0000, '', 0.00, ''),
(225, 30, 1, 'SW-PP-T84', '', 0.0000, 0.0000, 0.0000, '', 0.00, ''),
(226, 30, 1, 'SW-PP-T90', '', 0.0000, 0.0000, 0.0000, '', 0.00, ''),
(227, 30, 1, 'SW-PP-T96', '', 0.0000, 0.0000, 0.0000, '', 0.00, ''),
(228, 21, 1, 'SW-SD-1', '', 0.0000, 0.0000, 0.0000, '', 0.00, ''),
(229, 21, 1, 'SW-SD-2', '', 0.0000, 0.0000, 0.0000, '', 0.00, ''),
(230, 19, 6, 'B09FD-BOX', '', 0.0000, 0.0000, 0.0000, '', 0.00, ''),
(231, 19, 6, 'B09SR-BOX', '', 0.0000, 0.0000, 0.0000, '', 0.00, ''),
(232, 19, 6, 'B12-BOX', '', 0.0000, 0.0000, 0.0000, '', 0.00, ''),
(233, 19, 6, 'B15-BOX', '', 0.0000, 0.0000, 0.0000, '', 0.00, ''),
(234, 19, 6, 'B18-BOX', '', 0.0000, 0.0000, 0.0000, '', 0.00, ''),
(235, 19, 6, 'B21-BOX', '', 0.0000, 0.0000, 0.0000, '', 0.00, ''),
(236, 19, 6, 'B24-BOX', '', 0.0000, 0.0000, 0.0000, '', 0.00, ''),
(237, 19, 6, 'B27-BOX', '', 0.0000, 0.0000, 0.0000, '', 0.00, ''),
(238, 19, 6, 'B30-BOX', '', 0.0000, 0.0000, 0.0000, '', 0.00, ''),
(239, 19, 6, 'B33-BOX', '', 0.0000, 0.0000, 0.0000, '', 0.00, ''),
(240, 19, 6, 'B36-BOX', '', 0.0000, 0.0000, 0.0000, '', 0.00, ''),
(241, 19, 6, 'SB24-BOX', '', 0.0000, 0.0000, 0.0000, '', 0.00, ''),
(242, 19, 6, 'SB27-BOX', '', 0.0000, 0.0000, 0.0000, '', 0.00, ''),
(243, 19, 6, 'SB30-BOX', '', 0.0000, 0.0000, 0.0000, '', 0.00, ''),
(244, 19, 6, 'SB33-BOX', '', 0.0000, 0.0000, 0.0000, '', 0.00, ''),
(245, 19, 6, 'SB36-BOX', '', 0.0000, 0.0000, 0.0000, '', 0.00, ''),
(246, 19, 6, 'DB12(3D)-BOX', '', 0.0000, 0.0000, 0.0000, '', 0.00, ''),
(247, 19, 6, 'DB15(3D)-BOX', '', 0.0000, 0.0000, 0.0000, '', 0.00, ''),
(248, 19, 6, 'DB18(3D)-BOX', '', 0.0000, 0.0000, 0.0000, '', 0.00, ''),
(249, 19, 6, 'DB21(3D)-BOX', '', 0.0000, 0.0000, 0.0000, '', 0.00, ''),
(250, 19, 6, 'DB24(3D)-BOX', '', 0.0000, 0.0000, 0.0000, '', 0.00, ''),
(251, 19, 6, 'DB27(3D)-BOX', '', 0.0000, 0.0000, 0.0000, '', 0.00, ''),
(252, 19, 6, 'DB30(3D)-BOX', '', 0.0000, 0.0000, 0.0000, '', 0.00, ''),
(253, 19, 6, 'DB33(3D)-BOX', '', 0.0000, 0.0000, 0.0000, '', 0.00, ''),
(254, 19, 6, 'DB36(3D)-BOX', '', 0.0000, 0.0000, 0.0000, '', 0.00, ''),
(255, 19, 6, 'BLB39/42-BOX', '', 0.0000, 0.0000, 0.0000, '', 0.00, ''),
(256, 19, 6, 'BLB42/45-BOX', '', 0.0000, 0.0000, 0.0000, '', 0.00, ''),
(257, 19, 6, 'LSB33-BOX', '', 0.0000, 0.0000, 0.0000, '', 0.00, ''),
(258, 19, 6, 'LSB36-BOX', '', 0.0000, 0.0000, 0.0000, '', 0.00, ''),
(259, 19, 6, 'BMC30-BOX', '', 0.0000, 0.0000, 0.0000, '', 0.00, ''),
(260, 20, 6, 'W1212-BOX', '', 0.0000, 0.0000, 0.0000, '', 0.00, ''),
(261, 20, 6, 'W1512-BOX', '', 0.0000, 0.0000, 0.0000, '', 0.00, ''),
(262, 20, 6, 'W1812-BOX', '', 0.0000, 0.0000, 0.0000, '', 0.00, ''),
(263, 20, 6, 'W2112-BOX', '', 0.0000, 0.0000, 0.0000, '', 0.00, ''),
(264, 20, 6, 'W2412-BOX', '', 0.0000, 0.0000, 0.0000, '', 0.00, ''),
(265, 20, 6, 'W2712-BOX', '', 0.0000, 0.0000, 0.0000, '', 0.00, ''),
(266, 20, 6, 'W3012-BOX', '', 0.0000, 0.0000, 0.0000, '', 0.00, ''),
(267, 20, 6, 'W301227-BOX', '', 0.0000, 0.0000, 0.0000, '', 0.00, ''),
(268, 20, 6, 'W3312-BOX', '', 0.0000, 0.0000, 0.0000, '', 0.00, ''),
(269, 20, 6, 'W331227-BOX', '', 0.0000, 0.0000, 0.0000, '', 0.00, ''),
(270, 20, 6, 'W3612-BOX', '', 0.0000, 0.0000, 0.0000, '', 0.00, ''),
(271, 20, 6, 'W361227-BOX', '', 0.0000, 0.0000, 0.0000, '', 0.00, ''),
(272, 20, 6, 'W1215-BOX', '', 0.0000, 0.0000, 0.0000, '', 0.00, ''),
(273, 20, 6, 'W1515-BOX', '', 0.0000, 0.0000, 0.0000, '', 0.00, ''),
(274, 20, 6, 'W1815-BOX', '', 0.0000, 0.0000, 0.0000, '', 0.00, ''),
(275, 20, 6, 'W2115-BOX', '', 0.0000, 0.0000, 0.0000, '', 0.00, ''),
(276, 20, 6, 'W2415-BOX', '', 0.0000, 0.0000, 0.0000, '', 0.00, ''),
(277, 20, 6, 'W2715-BOX', '', 0.0000, 0.0000, 0.0000, '', 0.00, ''),
(278, 20, 6, 'W3015-BOX', '', 0.0000, 0.0000, 0.0000, '', 0.00, ''),
(279, 20, 6, 'W3315-BOX', '', 0.0000, 0.0000, 0.0000, '', 0.00, ''),
(280, 20, 6, 'W331527-BOX', '', 0.0000, 0.0000, 0.0000, '', 0.00, ''),
(281, 20, 6, 'W3615-BOX', '', 0.0000, 0.0000, 0.0000, '', 0.00, ''),
(282, 20, 6, 'W361527-BOX', '', 0.0000, 0.0000, 0.0000, '', 0.00, ''),
(283, 20, 6, 'W2418-BOX', '', 0.0000, 0.0000, 0.0000, '', 0.00, ''),
(284, 20, 6, 'W2718-BOX', '', 0.0000, 0.0000, 0.0000, '', 0.00, ''),
(285, 20, 6, 'W3018-BOX', '', 0.0000, 0.0000, 0.0000, '', 0.00, ''),
(286, 20, 6, 'W301827-BOX', '', 0.0000, 0.0000, 0.0000, '', 0.00, ''),
(287, 20, 6, 'W3318-BOX', '', 0.0000, 0.0000, 0.0000, '', 0.00, ''),
(288, 20, 6, 'W331827-BOX', '', 0.0000, 0.0000, 0.0000, '', 0.00, ''),
(289, 20, 6, 'W3618-BOX', '', 0.0000, 0.0000, 0.0000, '', 0.00, ''),
(290, 20, 6, 'W361827-BOX', '', 0.0000, 0.0000, 0.0000, '', 0.00, ''),
(291, 20, 6, 'W2421-BOX', '', 0.0000, 0.0000, 0.0000, '', 0.00, ''),
(292, 20, 6, 'W2721-BOX', '', 0.0000, 0.0000, 0.0000, '', 0.00, ''),
(293, 20, 6, 'W3021-BOX', '', 0.0000, 0.0000, 0.0000, '', 0.00, ''),
(294, 20, 6, 'W302127-BOX', '', 0.0000, 0.0000, 0.0000, '', 0.00, ''),
(295, 20, 6, 'W3321-BOX', '', 0.0000, 0.0000, 0.0000, '', 0.00, ''),
(296, 20, 6, 'W332127-BOX', '', 0.0000, 0.0000, 0.0000, '', 0.00, ''),
(297, 20, 6, 'W3621-BOX', '', 0.0000, 0.0000, 0.0000, '', 0.00, ''),
(298, 20, 6, 'W362127-BOX', '', 0.0000, 0.0000, 0.0000, '', 0.00, ''),
(299, 20, 6, 'W3024-BOX', '', 0.0000, 0.0000, 0.0000, '', 0.00, ''),
(301, 20, 6, 'W302427-BOX', '', 0.0000, 0.0000, 0.0000, '', 0.00, ''),
(302, 20, 6, 'W3324-BOX', '', 0.0000, 0.0000, 0.0000, '', 0.00, ''),
(303, 20, 6, 'W332427-BOX', '', 0.0000, 0.0000, 0.0000, '', 0.00, ''),
(304, 20, 6, 'W3624-BOX', '', 0.0000, 0.0000, 0.0000, '', 0.00, ''),
(305, 20, 6, 'W362427-BOX', '', 0.0000, 0.0000, 0.0000, '', 0.00, ''),
(306, 20, 6, 'W0930-BOX', '', 0.0000, 0.0000, 0.0000, '', 0.00, ''),
(307, 20, 6, 'W1230-BOX', '', 0.0000, 0.0000, 0.0000, '', 0.00, ''),
(308, 20, 6, 'W1530-BOX', '', 0.0000, 0.0000, 0.0000, '', 0.00, ''),
(309, 20, 6, 'W1830-BOX', '', 0.0000, 0.0000, 0.0000, '', 0.00, ''),
(310, 20, 6, 'W2130-BOX', '', 0.0000, 0.0000, 0.0000, '', 0.00, ''),
(311, 20, 6, 'W2430-BOX', '', 0.0000, 0.0000, 0.0000, '', 0.00, ''),
(312, 20, 6, 'W2730-BOX', '', 0.0000, 0.0000, 0.0000, '', 0.00, ''),
(313, 20, 6, 'W3030-BOX', '', 0.0000, 0.0000, 0.0000, '', 0.00, ''),
(314, 20, 6, 'W3330-BOX', '', 0.0000, 0.0000, 0.0000, '', 0.00, ''),
(315, 20, 6, 'W3630-BOX', '', 0.0000, 0.0000, 0.0000, '', 0.00, ''),
(316, 20, 6, 'W3930-BOX', '', 0.0000, 0.0000, 0.0000, '', 0.00, ''),
(317, 20, 6, 'W4230-BOX', '', 0.0000, 0.0000, 0.0000, '', 0.00, ''),
(318, 20, 6, 'W0936-BOX', '', 0.0000, 0.0000, 0.0000, '', 0.00, ''),
(319, 20, 6, 'W1236-BOX', '', 0.0000, 0.0000, 0.0000, '', 0.00, ''),
(320, 20, 6, 'W1536-BOX', '', 0.0000, 0.0000, 0.0000, '', 0.00, ''),
(321, 20, 6, 'W1836-BOX', '', 0.0000, 0.0000, 0.0000, '', 0.00, ''),
(322, 20, 6, 'W2136-BOX', '', 0.0000, 0.0000, 0.0000, '', 0.00, ''),
(323, 20, 6, 'W2436-BOX', '', 0.0000, 0.0000, 0.0000, '', 0.00, ''),
(324, 20, 6, 'W2736-BOX', '', 0.0000, 0.0000, 0.0000, '', 0.00, ''),
(325, 20, 6, 'W3036-BOX', '', 0.0000, 0.0000, 0.0000, '', 0.00, ''),
(326, 20, 6, 'W3336-BOX', '', 0.0000, 0.0000, 0.0000, '', 0.00, ''),
(327, 20, 6, 'W3636-BOX', '', 0.0000, 0.0000, 0.0000, '', 0.00, ''),
(328, 20, 6, 'W3936-BOX', '', 0.0000, 0.0000, 0.0000, '', 0.00, ''),
(329, 20, 6, 'W4236-BOX', '', 0.0000, 0.0000, 0.0000, '', 0.00, ''),
(330, 20, 6, 'W0942-BOX', '', 0.0000, 0.0000, 0.0000, '', 0.00, ''),
(331, 20, 6, 'W1242-BOX', '', 0.0000, 0.0000, 0.0000, '', 0.00, ''),
(332, 20, 6, 'W1542-BOX', '', 0.0000, 0.0000, 0.0000, '', 0.00, ''),
(333, 20, 6, 'W1842-BOX', '', 0.0000, 0.0000, 0.0000, '', 0.00, ''),
(334, 20, 6, 'W2142-BOX', '', 0.0000, 0.0000, 0.0000, '', 0.00, ''),
(335, 20, 6, 'W2442-BOX', '', 0.0000, 0.0000, 0.0000, '', 0.00, ''),
(336, 20, 6, 'W2742-BOX', '', 0.0000, 0.0000, 0.0000, '', 0.00, ''),
(337, 20, 6, 'W3042-BOX', '', 0.0000, 0.0000, 0.0000, '', 0.00, ''),
(338, 20, 6, 'W3342-BOX', '', 0.0000, 0.0000, 0.0000, '', 0.00, ''),
(339, 20, 6, 'W3642-BOX', '', 0.0000, 0.0000, 0.0000, '', 0.00, ''),
(340, 20, 6, 'W3942-BOX', '', 0.0000, 0.0000, 0.0000, '', 0.00, ''),
(341, 20, 6, 'W4242-BOX', '', 0.0000, 0.0000, 0.0000, '', 0.00, ''),
(342, 20, 6, 'WDC2412-BOX', '', 0.0000, 0.0000, 0.0000, '', 0.00, ''),
(343, 20, 6, 'WDC2430-BOX', '', 0.0000, 0.0000, 0.0000, '', 0.00, ''),
(344, 20, 6, 'WDC2436-BOX', '', 0.0000, 0.0000, 0.0000, '', 0.00, ''),
(345, 20, 6, 'WDC2442-BOX', '', 0.0000, 0.0000, 0.0000, '', 0.00, ''),
(346, 22, 6, 'TP158427-BOX', '', 0.0000, 0.0000, 0.0000, '', 0.00, ''),
(347, 22, 6, 'TP188427-BOX', '', 0.0000, 0.0000, 0.0000, '', 0.00, ''),
(348, 22, 6, 'TP248427-BOX', '', 0.0000, 0.0000, 0.0000, '', 0.00, ''),
(349, 22, 6, 'TP308427-BOX', '', 0.0000, 0.0000, 0.0000, '', 0.00, ''),
(350, 22, 6, 'TP159027-BOX', '', 0.0000, 0.0000, 0.0000, '', 0.00, ''),
(351, 22, 6, 'TP189027-BOX', '', 0.0000, 0.0000, 0.0000, '', 0.00, ''),
(352, 22, 6, 'TP249027-BOX', '', 0.0000, 0.0000, 0.0000, '', 0.00, ''),
(353, 22, 6, 'TP309027-BOX', '', 0.0000, 0.0000, 0.0000, '', 0.00, ''),
(354, 22, 6, 'TP159627-BOX', '', 0.0000, 0.0000, 0.0000, '', 0.00, ''),
(355, 22, 6, 'TP189627-BOX', '', 0.0000, 0.0000, 0.0000, '', 0.00, ''),
(356, 22, 6, 'TP249627-BOX', '', 0.0000, 0.0000, 0.0000, '', 0.00, ''),
(357, 22, 6, 'TP309627-BOX', '', 0.0000, 0.0000, 0.0000, '', 0.00, ''),
(358, 22, 6, 'OC338427(3D)-BOX', '', 0.0000, 0.0000, 0.0000, '', 0.00, ''),
(359, 22, 6, 'OC339027(3D)-BOX', '', 0.0000, 0.0000, 0.0000, '', 0.00, ''),
(360, 22, 6, 'OC339627(3D)-BOX', '', 0.0000, 0.0000, 0.0000, '', 0.00, ''),
(361, 19, 2, 'SG-B09-F', '', 0.0000, 0.0000, 0.0000, '', 0.00, ''),
(362, 19, 2, 'SG-B12-F', '', 0.0000, 0.0000, 0.0000, '', 0.00, ''),
(363, 19, 2, 'SG-B15-F', '', 0.0000, 0.0000, 0.0000, '', 0.00, ''),
(364, 19, 2, 'SG-B18-F', '', 0.0000, 0.0000, 0.0000, '', 0.00, ''),
(365, 19, 2, 'SG-B21-F', '', 0.0000, 0.0000, 0.0000, '', 0.00, ''),
(366, 19, 2, 'SG-B24-F', '', 0.0000, 0.0000, 0.0000, '', 0.00, ''),
(367, 19, 2, 'SG-B27-F', '', 0.0000, 0.0000, 0.0000, '', 0.00, ''),
(368, 20, 2, 'SG-B30-F', '', 0.0000, 0.0000, 0.0000, '', 0.00, ''),
(369, 19, 2, 'SG-B33-F', '', 0.0000, 0.0000, 0.0000, '', 0.00, ''),
(370, 19, 2, 'SG-B36-F', '', 0.0000, 0.0000, 0.0000, '', 0.00, ''),
(371, 19, 2, 'SG-DB12(3D)-F', '', 0.0000, 0.0000, 0.0000, '', 0.00, ''),
(372, 19, 2, 'SG-DB15(3D)-F', '', 0.0000, 0.0000, 0.0000, '', 0.00, ''),
(373, 20, 2, 'SG-DB18(3D)-F', '', 0.0000, 0.0000, 0.0000, '', 0.00, ''),
(374, 19, 2, 'SG-DB21(3D)-F', '', 0.0000, 0.0000, 0.0000, '', 0.00, ''),
(375, 19, 2, 'SG-DB24(3D)-F', '', 0.0000, 0.0000, 0.0000, '', 0.00, ''),
(376, 19, 2, 'SG-DB27(3D)-F', '', 0.0000, 0.0000, 0.0000, '', 0.00, ''),
(377, 20, 2, 'SG-DB30(3D)-F', '', 0.0000, 0.0000, 0.0000, '', 0.00, ''),
(378, 19, 2, 'SG-DB33(3D)-F', '', 0.0000, 0.0000, 0.0000, '', 0.00, ''),
(379, 19, 2, 'SG-DB36(3D)-F', '', 0.0000, 0.0000, 0.0000, '', 0.00, ''),
(380, 25, 2, 'SG-VDB12(3D)', '', 0.0000, 0.0000, 0.0000, '', 0.00, ''),
(381, 25, 2, 'SG-VDB15(3D)', '', 0.0000, 0.0000, 0.0000, '', 0.00, ''),
(382, 25, 2, 'SG-VDB18(3D)', '', 0.0000, 0.0000, 0.0000, '', 0.00, ''),
(383, 25, 2, 'SG-VDB21(3D)', '', 0.0000, 0.0000, 0.0000, '', 0.00, ''),
(384, 25, 2, 'SG-VDB24(3D)', '', 0.0000, 0.0000, 0.0000, '', 0.00, ''),
(385, 25, 2, 'SG-VDB27(3D)', '', 0.0000, 0.0000, 0.0000, '', 0.00, ''),
(386, 25, 2, 'SG-VDB30(3D)', '', 0.0000, 0.0000, 0.0000, '', 0.00, ''),
(387, 25, 2, 'SG-VDB33(3D)', '', 0.0000, 0.0000, 0.0000, '', 0.00, ''),
(388, 25, 2, 'SG-VDB36(3D)', '', 0.0000, 0.0000, 0.0000, '', 0.00, ''),
(389, 25, 2, 'SG-VSB24', '', 0.0000, 0.0000, 0.0000, '', 0.00, ''),
(390, 25, 2, 'SG-VSB27', '', 0.0000, 0.0000, 0.0000, '', 0.00, ''),
(391, 25, 2, 'SG-VSB30', '', 0.0000, 0.0000, 0.0000, '', 0.00, ''),
(392, 25, 2, 'SG-VSB33', '', 0.0000, 0.0000, 0.0000, '', 0.00, ''),
(393, 25, 2, 'SG-VSB36', '', 0.0000, 0.0000, 0.0000, '', 0.00, ''),
(394, 25, 2, 'SG-VSD30(L/R)', '', 0.0000, 0.0000, 0.0000, '', 0.00, ''),
(395, 25, 2, 'SG-VSD36(L/R)', '', 0.0000, 0.0000, 0.0000, '', 0.00, ''),
(396, 25, 2, 'SG-VSD42(L/R)', '', 0.0000, 0.0000, 0.0000, '', 0.00, ''),
(397, 19, 2, 'SG-BLB39/42-F', '', 0.0000, 0.0000, 0.0000, '', 0.00, ''),
(398, 19, 2, 'SG-BLB42/45-F', '', 0.0000, 0.0000, 0.0000, '', 0.00, ''),
(399, 19, 2, 'SG-LSB33-F', '', 0.0000, 0.0000, 0.0000, '', 0.00, ''),
(400, 19, 2, 'SG-LSB36-F', '', 0.0000, 0.0000, 0.0000, '', 0.00, ''),
(401, 19, 2, 'SG-BMC30-F', '', 0.0000, 0.0000, 0.0000, '', 0.00, ''),
(402, 20, 2, 'SG-W1212-F', '', 0.0000, 0.0000, 0.0000, '', 0.00, ''),
(403, 20, 2, 'SG-W1512-F', '', 0.0000, 0.0000, 0.0000, '', 0.00, ''),
(404, 20, 2, 'SG-W1812-F', '', 0.0000, 0.0000, 0.0000, '', 0.00, ''),
(405, 20, 2, 'SG-W2112-F', '', 0.0000, 0.0000, 0.0000, '', 0.00, ''),
(406, 20, 2, 'SG-W2412-F', '', 0.0000, 0.0000, 0.0000, '', 0.00, ''),
(407, 20, 2, 'SG-W2712-F', '', 0.0000, 0.0000, 0.0000, '', 0.00, ''),
(408, 20, 2, 'SG-W3012-F', '', 0.0000, 0.0000, 0.0000, '', 0.00, ''),
(409, 20, 2, 'SG-W3312-F', '', 0.0000, 0.0000, 0.0000, '', 0.00, ''),
(410, 20, 2, 'SG-W3612-F', '', 0.0000, 0.0000, 0.0000, '', 0.00, ''),
(411, 20, 2, 'SG-W3015-F', '', 0.0000, 0.0000, 0.0000, '', 0.00, ''),
(412, 20, 2, 'SG-W3315-F', '', 0.0000, 0.0000, 0.0000, '', 0.00, ''),
(413, 20, 2, 'SG-W3615-F', '', 0.0000, 0.0000, 0.0000, '', 0.00, ''),
(414, 20, 2, 'SG-W2418-F', '', 0.0000, 0.0000, 0.0000, '', 0.00, ''),
(415, 20, 2, 'SG-W2718-F', '', 0.0000, 0.0000, 0.0000, '', 0.00, ''),
(416, 20, 2, 'SG-W3018-F', '', 0.0000, 0.0000, 0.0000, '', 0.00, ''),
(417, 20, 2, 'SG-W3318-F', '', 0.0000, 0.0000, 0.0000, '', 0.00, ''),
(418, 20, 2, 'SG-W3618-F', '', 0.0000, 0.0000, 0.0000, '', 0.00, ''),
(419, 20, 2, 'SG-W2421-F', '', 0.0000, 0.0000, 0.0000, '', 0.00, ''),
(420, 20, 2, 'SG-W2721-F', '', 0.0000, 0.0000, 0.0000, '', 0.00, ''),
(421, 20, 2, 'SG-W3021-F', '', 0.0000, 0.0000, 0.0000, '', 0.00, ''),
(422, 20, 2, 'SG-W3321-F', '', 0.0000, 0.0000, 0.0000, '', 0.00, ''),
(423, 20, 2, 'SG-W3621-F', '', 0.0000, 0.0000, 0.0000, '', 0.00, ''),
(424, 20, 2, 'SG-W3024-F', '', 0.0000, 0.0000, 0.0000, '', 0.00, ''),
(425, 20, 2, 'SG-W3324-F', '', 0.0000, 0.0000, 0.0000, '', 0.00, ''),
(426, 20, 2, 'SG-W3624-F', '', 0.0000, 0.0000, 0.0000, '', 0.00, ''),
(427, 20, 2, 'SG-W0930-F', '', 0.0000, 0.0000, 0.0000, '', 0.00, ''),
(428, 20, 2, 'SG-W1230-F', '', 0.0000, 0.0000, 0.0000, '', 0.00, ''),
(429, 20, 2, 'SG-W1530-F', '', 0.0000, 0.0000, 0.0000, '', 0.00, ''),
(430, 20, 2, 'SG-W1830-F', '', 0.0000, 0.0000, 0.0000, '', 0.00, ''),
(431, 20, 2, 'SG-W2130-F', '', 0.0000, 0.0000, 0.0000, '', 0.00, ''),
(432, 20, 2, 'SG-W2430-F', '', 0.0000, 0.0000, 0.0000, '', 0.00, ''),
(433, 20, 2, 'SG-W2730-F', '', 0.0000, 0.0000, 0.0000, '', 0.00, ''),
(434, 20, 2, 'SG-W3030-F', '', 0.0000, 0.0000, 0.0000, '', 0.00, ''),
(435, 20, 2, 'SG-W3330-F', '', 0.0000, 0.0000, 0.0000, '', 0.00, ''),
(436, 20, 2, 'SG-W3630-F', '', 0.0000, 0.0000, 0.0000, '', 0.00, ''),
(437, 20, 2, 'SG-W3930-F', '', 0.0000, 0.0000, 0.0000, '', 0.00, ''),
(438, 20, 2, 'SG-W4230-F', '', 0.0000, 0.0000, 0.0000, '', 0.00, ''),
(439, 20, 2, 'SG-W0936-F', '', 0.0000, 0.0000, 0.0000, '', 0.00, ''),
(440, 20, 2, 'SG-W1236-F', '', 0.0000, 0.0000, 0.0000, '', 0.00, ''),
(441, 20, 2, 'SG-W1536-F', '', 0.0000, 0.0000, 0.0000, '', 0.00, ''),
(442, 20, 2, 'SG-W1836-F', '', 0.0000, 0.0000, 0.0000, '', 0.00, ''),
(443, 20, 2, 'SG-W2136-F', '', 0.0000, 0.0000, 0.0000, '', 0.00, ''),
(444, 20, 2, 'SG-W2436-F', '', 0.0000, 0.0000, 0.0000, '', 0.00, ''),
(445, 20, 2, 'SG-W2736-F', '', 0.0000, 0.0000, 0.0000, '', 0.00, ''),
(446, 20, 2, 'SG-W3036-F', '', 0.0000, 0.0000, 0.0000, '', 0.00, ''),
(447, 20, 2, 'SG-W3336-F', '', 0.0000, 0.0000, 0.0000, '', 0.00, ''),
(448, 20, 2, 'SG-W3636-F', '', 0.0000, 0.0000, 0.0000, '', 0.00, ''),
(449, 20, 2, 'SG-W3936-F', '', 0.0000, 0.0000, 0.0000, '', 0.00, ''),
(450, 20, 2, 'SG-W4236-F', '', 0.0000, 0.0000, 0.0000, '', 0.00, ''),
(451, 20, 2, 'SG-W0942-F', '', 0.0000, 0.0000, 0.0000, '', 0.00, ''),
(452, 20, 2, 'SG-W1242-F', '', 0.0000, 0.0000, 0.0000, '', 0.00, ''),
(453, 20, 2, 'SG-W1542-F', '', 0.0000, 0.0000, 0.0000, '', 0.00, ''),
(454, 20, 2, 'SG-W1842-F', '', 0.0000, 0.0000, 0.0000, '', 0.00, ''),
(455, 20, 2, 'SG-W2142-F', '', 0.0000, 0.0000, 0.0000, '', 0.00, ''),
(456, 20, 2, 'SG-W2442-F', '', 0.0000, 0.0000, 0.0000, '', 0.00, ''),
(457, 20, 2, 'SG-W2742-F', '', 0.0000, 0.0000, 0.0000, '', 0.00, ''),
(458, 20, 2, 'SG-W3042-F', '', 0.0000, 0.0000, 0.0000, '', 0.00, ''),
(459, 20, 2, 'SG-W3342-F', '', 0.0000, 0.0000, 0.0000, '', 0.00, ''),
(460, 20, 2, 'SG-W3642-F', '', 0.0000, 0.0000, 0.0000, '', 0.00, ''),
(461, 20, 2, 'SG-W3942-F', '', 0.0000, 0.0000, 0.0000, '', 0.00, ''),
(462, 20, 2, 'SG-W4242-F', '', 0.0000, 0.0000, 0.0000, '', 0.00, ''),
(463, 20, 2, 'SG-WDC2412-F', '', 0.0000, 0.0000, 0.0000, '', 0.00, ''),
(464, 20, 2, 'SG-WDC2430-F', '', 0.0000, 0.0000, 0.0000, '', 0.00, ''),
(465, 20, 2, 'SG-WDC2436-F', '', 0.0000, 0.0000, 0.0000, '', 0.00, ''),
(466, 20, 2, 'SG-WDC2442-F', '', 0.0000, 0.0000, 0.0000, '', 0.00, ''),
(467, 20, 2, 'SG-WOE1230', '', 0.0000, 0.0000, 0.0000, '', 0.00, ''),
(468, 20, 2, 'SG-WOE1236', '', 0.0000, 0.0000, 0.0000, '', 0.00, ''),
(469, 20, 2, 'SG-WOE1242', '', 0.0000, 0.0000, 0.0000, '', 0.00, ''),
(470, 20, 3, 'SG-WMO2430', '', 0.0000, 0.0000, 0.0000, '', 0.00, ''),
(471, 20, 2, 'SG-WMO2730', '', 0.0000, 0.0000, 0.0000, '', 0.00, ''),
(472, 20, 2, 'SG-WMO3030', '', 0.0000, 0.0000, 0.0000, '', 0.00, ''),
(473, 20, 2, 'SG-WMO2436', '', 0.0000, 0.0000, 0.0000, '', 0.00, ''),
(474, 20, 2, 'SG-WMO2736', '', 0.0000, 0.0000, 0.0000, '', 0.00, ''),
(475, 20, 2, 'SG-WMO3036', '', 0.0000, 0.0000, 0.0000, '', 0.00, ''),
(476, 21, 2, 'SG-WMO2442', '', 0.0000, 0.0000, 0.0000, '', 0.00, ''),
(477, 20, 2, 'SG-WMO2742', '', 0.0000, 0.0000, 0.0000, '', 0.00, ''),
(478, 20, 2, 'SG-WMO3042', '', 0.0000, 0.0000, 0.0000, '', 0.00, ''),
(479, 22, 2, 'SG-TP1584-F', '', 0.0000, 0.0000, 0.0000, '', 0.00, ''),
(480, 22, 2, 'SG-TP1884-F', '', 0.0000, 0.0000, 0.0000, '', 0.00, ''),
(481, 22, 2, 'SG-TP2484-F', '', 0.0000, 0.0000, 0.0000, '', 0.00, ''),
(482, 22, 2, 'SG-TP3084-F', '', 0.0000, 0.0000, 0.0000, '', 0.00, ''),
(483, 22, 2, 'SG-TP1590-F', '', 0.0000, 0.0000, 0.0000, '', 0.00, ''),
(484, 22, 2, 'SG-TP1890-F', '', 0.0000, 0.0000, 0.0000, '', 0.00, ''),
(485, 22, 2, 'SG-TP2490-F', '', 0.0000, 0.0000, 0.0000, '', 0.00, ''),
(486, 22, 2, 'SG-TP3090-F', '', 0.0000, 0.0000, 0.0000, '', 0.00, ''),
(487, 22, 2, 'SG-TP1596-F', '', 0.0000, 0.0000, 0.0000, '', 0.00, ''),
(488, 22, 2, 'SG-TP1896-F', '', 0.0000, 0.0000, 0.0000, '', 0.00, ''),
(489, 22, 2, 'SG-TP2496-F', '', 0.0000, 0.0000, 0.0000, '', 0.00, ''),
(490, 22, 2, 'SG-TP3096-F', '', 0.0000, 0.0000, 0.0000, '', 0.00, ''),
(491, 23, 2, 'SG-WR1818', '', 0.0000, 0.0000, 0.0000, '', 0.00, ''),
(492, 23, 2, 'SG-WR3018', '', 0.0000, 0.0000, 0.0000, '', 0.00, ''),
(493, 23, 2, 'SG-WR3618', '', 0.0000, 0.0000, 0.0000, '', 0.00, ''),
(494, 23, 2, 'SG-SGH30', '', 0.0000, 0.0000, 0.0000, '', 0.00, ''),
(495, 23, 2, 'SG-SGH36', '', 0.0000, 0.0000, 0.0000, '', 0.00, ''),
(496, 24, 2, 'SG-RHA363021', '', 0.0000, 0.0000, 0.0000, '', 0.00, ''),
(497, 24, 2, 'SG-RHA423021', '', 0.0000, 0.0000, 0.0000, '', 0.00, ''),
(498, 26, 2, 'SG-WP1230', '', 0.0000, 0.0000, 0.0000, '', 0.00, ''),
(499, 26, 2, 'SG-WP1530', '', 0.0000, 0.0000, 0.0000, '', 0.00, ''),
(500, 26, 2, 'SG-WP1830', '', 0.0000, 0.0000, 0.0000, '', 0.00, ''),
(501, 26, 2, 'SG-WP2130', '', 0.0000, 0.0000, 0.0000, '', 0.00, ''),
(502, 26, 2, 'SG-WP2430', '', 0.0000, 0.0000, 0.0000, '', 0.00, ''),
(503, 26, 2, 'SG-WP-VDD', '', 0.0000, 0.0000, 0.0000, '', 0.00, ''),
(504, 26, 2, 'SG-WP-BASE', '', 0.0000, 0.0000, 0.0000, '', 0.00, ''),
(505, 26, 2, 'SG-WP-W12', '', 0.0000, 0.0000, 0.0000, '', 0.00, ''),
(506, 26, 2, 'SG-WP-W30', '', 0.0000, 0.0000, 0.0000, '', 0.00, ''),
(507, 26, 2, 'SG-WP-W36', '', 0.0000, 0.0000, 0.0000, '', 0.00, ''),
(508, 26, 2, 'SG-WP-W42', '', 0.0000, 0.0000, 0.0000, '', 0.00, ''),
(509, 26, 2, 'SG-WP-T84', '', 0.0000, 0.0000, 0.0000, '', 0.00, ''),
(510, 26, 2, 'SG-WP-T90', '', 0.0000, 0.0000, 0.0000, '', 0.00, ''),
(511, 26, 2, 'SG-WP-T96', '', 0.0000, 0.0000, 0.0000, '', 0.00, ''),
(512, 27, 2, 'SG-DWR3', '', 0.0000, 0.0000, 0.0000, '', 0.00, ''),
(513, 27, 2, 'SG-RRP9627(3/4)', '', 0.0000, 0.0000, 0.0000, '', 0.00, ''),
(514, 27, 2, 'SG-RRP8427(3)', '', 0.0000, 0.0000, 0.0000, '', 0.00, ''),
(515, 27, 2, 'SG-RRP9027(3)', '', 0.0000, 0.0000, 0.0000, '', 0.00, ''),
(516, 27, 2, 'SG-RRP9627(3)', '', 0.0000, 0.0000, 0.0000, '', 0.00, ''),
(517, 27, 2, 'SG-BP3696', '', 0.0000, 0.0000, 0.0000, '', 0.00, ''),
(518, 27, 2, 'SG-BP4896', '', 0.0000, 0.0000, 0.0000, '', 0.00, ''),
(519, 27, 2, 'SG-BS24', '', 0.0000, 0.0000, 0.0000, '', 0.00, ''),
(520, 27, 2, 'SG-WS1230', '', 0.0000, 0.0000, 0.0000, '', 0.00, ''),
(521, 27, 2, 'SG-WS1236', '', 0.0000, 0.0000, 0.0000, '', 0.00, ''),
(522, 27, 2, 'SG-WS1242', '', 0.0000, 0.0000, 0.0000, '', 0.00, ''),
(523, 27, 2, 'SG-WS1248', '', 0.0000, 0.0000, 0.0000, '', 0.00, ''),
(524, 27, 2, 'SG-WS1254', '', 0.0000, 0.0000, 0.0000, '', 0.00, ''),
(525, 27, 2, 'SG-TS2796', '', 0.0000, 0.0000, 0.0000, '', 0.00, ''),
(526, 27, 2, 'SG-TK8', '', 0.0000, 0.0000, 0.0000, '', 0.00, ''),
(527, 28, 2, 'SG-BBM1', '', 0.0000, 0.0000, 0.0000, '', 0.00, ''),
(528, 28, 2, 'SG-BBM2', '', 0.0000, 0.0000, 0.0000, '', 0.00, ''),
(529, 28, 2, 'SG-ICM8', '', 0.0000, 0.0000, 0.0000, '', 0.00, ''),
(530, 28, 2, 'SG-QRM8', '', 0.0000, 0.0000, 0.0000, '', 0.00, ''),
(531, 28, 2, 'SG-OCM8', '', 0.0000, 0.0000, 0.0000, '', 0.00, ''),
(532, 28, 2, 'SG-SM8-S', '', 0.0000, 0.0000, 0.0000, '', 0.00, ''),
(533, 28, 2, 'SG-SM8-D', '', 0.0000, 0.0000, 0.0000, '', 0.00, ''),
(534, 28, 2, 'SG-LRM1', '', 0.0000, 0.0000, 0.0000, '', 0.00, ''),
(535, 28, 2, 'SG-LRM2', '', 0.0000, 0.0000, 0.0000, '', 0.00, ''),
(536, 28, 2, 'SG-CM-1', '', 0.0000, 0.0000, 0.0000, '', 0.00, ''),
(537, 28, 2, 'SG-CM-1B', '', 0.0000, 0.0000, 0.0000, '', 0.00, ''),
(538, 28, 2, 'SG-CM-3', '', 0.0000, 0.0000, 0.0000, '', 0.00, ''),
(539, 28, 2, 'SG-CM-3B', '', 0.0000, 0.0000, 0.0000, '', 0.00, ''),
(540, 28, 2, 'SG-CM-4', '', 0.0000, 0.0000, 0.0000, '', 0.00, ''),
(541, 28, 2, 'SG-CM-4B', '', 0.0000, 0.0000, 0.0000, '', 0.00, ''),
(542, 28, 2, 'SG-CM-6', '', 0.0000, 0.0000, 0.0000, '', 0.00, ''),
(543, 28, 2, 'SG-CM-6B', '', 0.0000, 0.0000, 0.0000, '', 0.00, ''),
(544, 27, 2, 'SG-WF330', '', 0.0000, 0.0000, 0.0000, '', 0.00, ''),
(545, 27, 2, 'SG-WF336', '', 0.0000, 0.0000, 0.0000, '', 0.00, ''),
(546, 27, 2, 'SG-WF342', '', 0.0000, 0.0000, 0.0000, '', 0.00, ''),
(547, 27, 2, 'SG-WF630', '', 0.0000, 0.0000, 0.0000, '', 0.00, ''),
(548, 27, 2, 'SG-WF636', '', 0.0000, 0.0000, 0.0000, '', 0.00, ''),
(549, 27, 2, 'SG-WF642', '', 0.0000, 0.0000, 0.0000, '', 0.00, ''),
(550, 27, 2, 'SG-TF396', '', 0.0000, 0.0000, 0.0000, '', 0.00, ''),
(551, 27, 2, 'SG-TF696', '', 0.0000, 0.0000, 0.0000, '', 0.00, ''),
(552, 27, 2, 'SG-BF3', '', 0.0000, 0.0000, 0.0000, '', 0.00, ''),
(553, 27, 2, 'SG-BF6', '', 0.0000, 0.0000, 0.0000, '', 0.00, ''),
(554, 28, 2, 'SG-BFF3', '', 0.0000, 0.0000, 0.0000, '', 0.00, ''),
(555, 27, 2, 'SG-WFF330', '', 0.0000, 0.0000, 0.0000, '', 0.00, ''),
(556, 27, 2, 'SG-WFF336', '', 0.0000, 0.0000, 0.0000, '', 0.00, ''),
(557, 27, 2, 'SG-WFF342', '', 0.0000, 0.0000, 0.0000, '', 0.00, ''),
(558, 27, 2, 'SG-WFF384', '', 0.0000, 0.0000, 0.0000, '', 0.00, ''),
(559, 27, 2, 'SG-WFF390', '', 0.0000, 0.0000, 0.0000, '', 0.00, ''),
(560, 27, 2, 'SG-WFF396', '', 0.0000, 0.0000, 0.0000, '', 0.00, ''),
(561, 29, 2, 'SG-VA36', '', 0.0000, 0.0000, 0.0000, '', 0.00, ''),
(562, 29, 2, 'SG-VA42', '', 0.0000, 0.0000, 0.0000, '', 0.00, ''),
(563, 29, 2, 'SG-VARP36', '', 0.0000, 0.0000, 0.0000, '', 0.00, ''),
(564, 29, 2, 'SG-VARP48', '', 0.0000, 0.0000, 0.0000, '', 0.00, ''),
(565, 29, 2, 'SG-VARP54', '', 0.0000, 0.0000, 0.0000, '', 0.00, ''),
(566, 30, 2, 'SG-CML', '', 0.0000, 0.0000, 0.0000, '', 0.00, ''),
(567, 30, 2, 'SG-SP36', '', 0.0000, 0.0000, 0.0000, '', 0.00, ''),
(568, 30, 2, 'SG-PP-BASE', '', 0.0000, 0.0000, 0.0000, '', 0.00, ''),
(569, 30, 2, 'SG-PP-T84', '', 0.0000, 0.0000, 0.0000, '', 0.00, ''),
(570, 30, 2, 'SG-PP-T90', '', 0.0000, 0.0000, 0.0000, '', 0.00, ''),
(571, 30, 2, 'SG-PP-T96', '', 0.0000, 0.0000, 0.0000, '', 0.00, ''),
(572, 21, 2, 'SG-SD-1', '', 0.0000, 0.0000, 0.0000, '', 0.00, ''),
(573, 21, 2, 'SG-SD-2', '', 0.0000, 0.0000, 0.0000, '', 0.00, ''),
(574, 19, 3, 'CC-B09-F', '', 0.0000, 0.0000, 0.0000, '', 0.00, ''),
(575, 19, 3, 'CC-B12-F', '', 0.0000, 0.0000, 0.0000, '', 0.00, ''),
(576, 19, 3, 'CC-B15-F', '', 0.0000, 0.0000, 0.0000, '', 0.00, ''),
(577, 19, 3, 'CC-B18-F', '', 0.0000, 0.0000, 0.0000, '', 0.00, ''),
(578, 19, 3, 'CC-B21-F', '', 0.0000, 0.0000, 0.0000, '', 0.00, ''),
(579, 19, 3, 'CC-B24-F', '', 0.0000, 0.0000, 0.0000, '', 0.00, ''),
(580, 19, 3, 'CC-B27-F', '', 0.0000, 0.0000, 0.0000, '', 0.00, ''),
(581, 19, 3, 'CC-B30-F', '', 0.0000, 0.0000, 0.0000, '', 0.00, ''),
(582, 19, 3, 'CC-B33-F', '', 0.0000, 0.0000, 0.0000, '', 0.00, ''),
(583, 19, 3, 'CC-B36-F', '', 0.0000, 0.0000, 0.0000, '', 0.00, ''),
(584, 19, 3, 'CC-DB12(3D)-F', '', 0.0000, 0.0000, 0.0000, '', 0.00, ''),
(585, 19, 3, 'CC-DB15(3D)-F', '', 0.0000, 0.0000, 0.0000, '', 0.00, ''),
(586, 19, 3, 'CC-DB18(3D)-F', '', 0.0000, 0.0000, 0.0000, '', 0.00, ''),
(587, 19, 3, 'CC-DB21(3D)-F', '', 0.0000, 0.0000, 0.0000, '', 0.00, ''),
(588, 19, 3, 'CC-DB24(3D)-F', '', 0.0000, 0.0000, 0.0000, '', 0.00, ''),
(589, 19, 3, 'CC-DB27(3D)-F', '', 0.0000, 0.0000, 0.0000, '', 0.00, ''),
(590, 19, 3, 'CC-DB30(3D)-F', '', 0.0000, 0.0000, 0.0000, '', 0.00, ''),
(591, 19, 3, 'CC-DB33(3D)-F', '', 0.0000, 0.0000, 0.0000, '', 0.00, ''),
(592, 19, 3, 'CC-DB36(3D)-F', '', 0.0000, 0.0000, 0.0000, '', 0.00, ''),
(593, 25, 3, 'CC-VDB12(3D)', '', 0.0000, 0.0000, 0.0000, '', 0.00, ''),
(594, 25, 3, 'CC-VDB15(3D)', '', 0.0000, 0.0000, 0.0000, '', 0.00, ''),
(595, 25, 3, 'CC-VDB18(3D)', '', 0.0000, 0.0000, 0.0000, '', 0.00, ''),
(596, 25, 3, 'CC-VDB21(3D)', '', 0.0000, 0.0000, 0.0000, '', 0.00, ''),
(597, 25, 3, 'CC-VDB24(3D)', '', 0.0000, 0.0000, 0.0000, '', 0.00, ''),
(598, 25, 3, 'CC-VDB27(3D)', '', 0.0000, 0.0000, 0.0000, '', 0.00, ''),
(599, 25, 3, 'CC-VDB30(3D)', '', 0.0000, 0.0000, 0.0000, '', 0.00, ''),
(600, 25, 3, 'CC-VDB33(3D)', '', 0.0000, 0.0000, 0.0000, '', 0.00, ''),
(601, 25, 3, 'CC-VDB36(3D)', '', 0.0000, 0.0000, 0.0000, '', 0.00, ''),
(602, 25, 3, 'CC-VSB24', '', 0.0000, 0.0000, 0.0000, '', 0.00, ''),
(603, 25, 3, 'CC-VSB27', '', 0.0000, 0.0000, 0.0000, '', 0.00, ''),
(604, 25, 3, 'CC-VSB30', '', 0.0000, 0.0000, 0.0000, '', 0.00, ''),
(605, 25, 3, 'CC-VSB33', '', 0.0000, 0.0000, 0.0000, '', 0.00, ''),
(606, 25, 3, 'CC-VSB36', '', 0.0000, 0.0000, 0.0000, '', 0.00, ''),
(607, 25, 3, 'CC-VSD30(L/R)', '', 0.0000, 0.0000, 0.0000, '', 0.00, ''),
(608, 25, 3, 'CC-VSD36(L/R)', '', 0.0000, 0.0000, 0.0000, '', 0.00, ''),
(609, 25, 3, 'CC-VSD42(L/R)', '', 0.0000, 0.0000, 0.0000, '', 0.00, ''),
(610, 19, 3, 'CC-BLB39/42-F', '', 0.0000, 0.0000, 0.0000, '', 0.00, ''),
(611, 19, 3, 'CC-BLB42/45-F', '', 0.0000, 0.0000, 0.0000, '', 0.00, ''),
(612, 19, 3, 'CC-LSB33-F', '', 0.0000, 0.0000, 0.0000, '', 0.00, ''),
(613, 19, 3, 'CC-LSB36-F', '', 0.0000, 0.0000, 0.0000, '', 0.00, ''),
(614, 19, 3, 'CC-BMC30-F', '', 0.0000, 0.0000, 0.0000, '', 0.00, ''),
(615, 20, 3, 'CC-W1212-F', '', 0.0000, 0.0000, 0.0000, '', 0.00, ''),
(616, 20, 3, 'CC-W1512-F', '', 0.0000, 0.0000, 0.0000, '', 0.00, ''),
(617, 20, 3, 'CC-W1812-F', '', 0.0000, 0.0000, 0.0000, '', 0.00, ''),
(618, 20, 3, 'CC-W2112-F', '', 0.0000, 0.0000, 0.0000, '', 0.00, ''),
(619, 20, 3, 'CC-W2412-F', '', 0.0000, 0.0000, 0.0000, '', 0.00, ''),
(620, 20, 3, 'CC-W2712-F', '', 0.0000, 0.0000, 0.0000, '', 0.00, ''),
(621, 20, 3, 'CC-W3012-F', '', 0.0000, 0.0000, 0.0000, '', 0.00, ''),
(622, 20, 3, 'CC-W3312-F', '', 0.0000, 0.0000, 0.0000, '', 0.00, ''),
(623, 20, 3, 'CC-W3612-F', '', 0.0000, 0.0000, 0.0000, '', 0.00, ''),
(624, 20, 3, 'CC-W3015-F', '', 0.0000, 0.0000, 0.0000, '', 0.00, ''),
(625, 20, 3, 'CC-W3315-F', '', 0.0000, 0.0000, 0.0000, '', 0.00, ''),
(626, 20, 3, 'CC-W3615-F', '', 0.0000, 0.0000, 0.0000, '', 0.00, ''),
(627, 20, 3, 'CC-W2418-F', '', 0.0000, 0.0000, 0.0000, '', 0.00, ''),
(628, 20, 3, 'CC-W2718-F', '', 0.0000, 0.0000, 0.0000, '', 0.00, ''),
(629, 20, 3, 'CC-W3018-F', '', 0.0000, 0.0000, 0.0000, '', 0.00, ''),
(630, 20, 3, 'CC-W3318-F', '', 0.0000, 0.0000, 0.0000, '', 0.00, ''),
(631, 20, 4, 'CC-W3618-F', '', 0.0000, 0.0000, 0.0000, '', 0.00, ''),
(632, 20, 3, 'CC-W2421-F', '', 0.0000, 0.0000, 0.0000, '', 0.00, ''),
(633, 20, 3, 'CC-W2721-F', '', 0.0000, 0.0000, 0.0000, '', 0.00, ''),
(634, 20, 3, 'CC-W3021-F', '', 0.0000, 0.0000, 0.0000, '', 0.00, ''),
(635, 20, 3, 'CC-W3321-F', '', 0.0000, 0.0000, 0.0000, '', 0.00, ''),
(636, 20, 3, 'CC-W3621-F', '', 0.0000, 0.0000, 0.0000, '', 0.00, ''),
(637, 20, 3, 'CC-W3024-F', '', 0.0000, 0.0000, 0.0000, '', 0.00, ''),
(638, 20, 3, 'CC-W3324-F', '', 0.0000, 0.0000, 0.0000, '', 0.00, ''),
(639, 20, 3, 'CC-W3624-F', '', 0.0000, 0.0000, 0.0000, '', 0.00, ''),
(640, 20, 3, 'CC-W0930-F', '', 0.0000, 0.0000, 0.0000, '', 0.00, ''),
(641, 20, 3, 'CC-W1230-F', '', 0.0000, 0.0000, 0.0000, '', 0.00, ''),
(642, 20, 3, 'CC-W1530-F', '', 0.0000, 0.0000, 0.0000, '', 0.00, ''),
(643, 20, 3, 'CC-W1830-F', '', 0.0000, 0.0000, 0.0000, '', 0.00, ''),
(644, 20, 3, 'CC-W2130-F', '', 0.0000, 0.0000, 0.0000, '', 0.00, ''),
(645, 20, 3, 'CC-W2430-F', '', 0.0000, 0.0000, 0.0000, '', 0.00, ''),
(646, 20, 3, 'CC-W2730-F', '', 0.0000, 0.0000, 0.0000, '', 0.00, ''),
(647, 20, 3, 'CC-W3030-F', '', 0.0000, 0.0000, 0.0000, '', 0.00, ''),
(648, 20, 3, 'CC-W3330-F', '', 0.0000, 0.0000, 0.0000, '', 0.00, ''),
(649, 20, 3, 'CC-W3630-F', '', 0.0000, 0.0000, 0.0000, '', 0.00, ''),
(650, 20, 3, 'CC-W3930-F', '', 0.0000, 0.0000, 0.0000, '', 0.00, ''),
(651, 20, 3, 'CC-W4230-F', '', 0.0000, 0.0000, 0.0000, '', 0.00, ''),
(652, 20, 3, 'CC-W0936-F', '', 0.0000, 0.0000, 0.0000, '', 0.00, ''),
(653, 20, 3, 'CC-W1236-F', '', 0.0000, 0.0000, 0.0000, '', 0.00, ''),
(654, 20, 3, 'CC-W1536-F', '', 0.0000, 0.0000, 0.0000, '', 0.00, ''),
(655, 20, 3, 'CC-W1836-F', '', 0.0000, 0.0000, 0.0000, '', 0.00, ''),
(656, 20, 3, 'CC-W2136-F', '', 0.0000, 0.0000, 0.0000, '', 0.00, ''),
(657, 20, 3, 'CC-W2436-F', '', 0.0000, 0.0000, 0.0000, '', 0.00, ''),
(658, 20, 3, 'CC-W2736-F', '', 0.0000, 0.0000, 0.0000, '', 0.00, ''),
(659, 20, 3, 'CC-W3036-F', '', 0.0000, 0.0000, 0.0000, '', 0.00, ''),
(660, 20, 3, 'CC-W3336-F', '', 0.0000, 0.0000, 0.0000, '', 0.00, ''),
(661, 20, 3, 'CC-W3636-F', '', 0.0000, 0.0000, 0.0000, '', 0.00, ''),
(662, 20, 3, 'CC-W3936-F', '', 0.0000, 0.0000, 0.0000, '', 0.00, ''),
(663, 20, 3, 'CC-W4236-F', '', 0.0000, 0.0000, 0.0000, '', 0.00, ''),
(664, 20, 3, 'CC-W0942-F', '', 0.0000, 0.0000, 0.0000, '', 0.00, ''),
(665, 20, 3, 'CC-W1242-F', '', 0.0000, 0.0000, 0.0000, '', 0.00, ''),
(666, 20, 3, 'CC-W1542-F', '', 0.0000, 0.0000, 0.0000, '', 0.00, ''),
(667, 20, 3, 'CC-W1842-F', '', 0.0000, 0.0000, 0.0000, '', 0.00, ''),
(668, 20, 3, 'CC-W2142-F', '', 0.0000, 0.0000, 0.0000, '', 0.00, ''),
(669, 20, 3, 'CC-W2442-F', '', 0.0000, 0.0000, 0.0000, '', 0.00, ''),
(670, 20, 3, 'CC-W2742-F', '', 0.0000, 0.0000, 0.0000, '', 0.00, ''),
(671, 20, 3, 'CC-W3042-F', '', 0.0000, 0.0000, 0.0000, '', 0.00, ''),
(672, 20, 3, 'CC-W3342-F', '', 0.0000, 0.0000, 0.0000, '', 0.00, ''),
(673, 20, 3, 'CC-W3642-F', '', 0.0000, 0.0000, 0.0000, '', 0.00, ''),
(674, 20, 3, 'CC-W3942-F', '', 0.0000, 0.0000, 0.0000, '', 0.00, ''),
(675, 20, 3, 'CC-W4242-F', '', 0.0000, 0.0000, 0.0000, '', 0.00, ''),
(676, 20, 3, 'CC-WDC2412-F', '', 0.0000, 0.0000, 0.0000, '', 0.00, ''),
(677, 20, 3, 'CC-WDC2430-F', '', 0.0000, 0.0000, 0.0000, '', 0.00, ''),
(678, 20, 3, 'CC-WDC2436-F', '', 0.0000, 0.0000, 0.0000, '', 0.00, ''),
(679, 20, 3, 'CC-WDC2442-F', '', 0.0000, 0.0000, 0.0000, '', 0.00, ''),
(680, 20, 3, 'CC-WOE1230', '', 0.0000, 0.0000, 0.0000, '', 0.00, ''),
(681, 20, 3, 'CC-WOE1236', '', 0.0000, 0.0000, 0.0000, '', 0.00, ''),
(682, 20, 3, 'CC-WOE1242', '', 0.0000, 0.0000, 0.0000, '', 0.00, ''),
(683, 20, 3, 'CC-WMO2430', '', 0.0000, 0.0000, 0.0000, '', 0.00, ''),
(684, 20, 3, 'CC-WMO2730', '', 0.0000, 0.0000, 0.0000, '', 0.00, ''),
(685, 20, 3, 'CC-WMO3030', '', 0.0000, 0.0000, 0.0000, '', 0.00, ''),
(686, 20, 3, 'CC-WMO2436', '', 0.0000, 0.0000, 0.0000, '', 0.00, ''),
(687, 20, 3, 'CC-WMO2736', '', 0.0000, 0.0000, 0.0000, '', 0.00, ''),
(688, 20, 3, 'CC-WMO3036', '', 0.0000, 0.0000, 0.0000, '', 0.00, ''),
(689, 20, 3, 'CC-WMO2442', '', 0.0000, 0.0000, 0.0000, '', 0.00, ''),
(690, 20, 3, 'CC-WMO2742', '', 0.0000, 0.0000, 0.0000, '', 0.00, ''),
(691, 20, 3, 'CC-WMO3042', '', 0.0000, 0.0000, 0.0000, '', 0.00, ''),
(692, 22, 3, 'CC-TP1584-F', '', 0.0000, 0.0000, 0.0000, '', 0.00, ''),
(693, 22, 3, 'CC-TP1884-F', '', 0.0000, 0.0000, 0.0000, '', 0.00, ''),
(694, 22, 3, 'CC-TP2484-F', '', 0.0000, 0.0000, 0.0000, '', 0.00, ''),
(695, 22, 3, 'CC-TP3084-F', '', 0.0000, 0.0000, 0.0000, '', 0.00, ''),
(696, 22, 3, 'CC-TP1590-F', '', 0.0000, 0.0000, 0.0000, '', 0.00, ''),
(697, 22, 3, 'CC-TP1890-F', '', 0.0000, 0.0000, 0.0000, '', 0.00, ''),
(698, 22, 3, 'CC-TP2490-F', '', 0.0000, 0.0000, 0.0000, '', 0.00, ''),
(699, 22, 3, 'CC-TP3090-F', '', 0.0000, 0.0000, 0.0000, '', 0.00, ''),
(700, 22, 3, 'CC-TP1596-F', '', 0.0000, 0.0000, 0.0000, '', 0.00, ''),
(701, 22, 3, 'CC-TP1896-F', '', 0.0000, 0.0000, 0.0000, '', 0.00, ''),
(702, 22, 3, 'CC-TP2496-F', '', 0.0000, 0.0000, 0.0000, '', 0.00, ''),
(703, 22, 3, 'CC-TP3096-F', '', 0.0000, 0.0000, 0.0000, '', 0.00, ''),
(704, 23, 3, 'CC-WR1818', '', 0.0000, 0.0000, 0.0000, '', 0.00, ''),
(705, 23, 3, 'CC-WR3018', '', 0.0000, 0.0000, 0.0000, '', 0.00, ''),
(706, 23, 3, 'CC-WR3618', '', 0.0000, 0.0000, 0.0000, '', 0.00, ''),
(707, 23, 3, 'CC-SGH30', '', 0.0000, 0.0000, 0.0000, '', 0.00, ''),
(708, 23, 3, 'CC-SGH36', '', 0.0000, 0.0000, 0.0000, '', 0.00, ''),
(709, 24, 3, 'CC-RHA363021', '', 0.0000, 0.0000, 0.0000, '', 0.00, ''),
(710, 24, 3, 'CC-RHA423021', '', 0.0000, 0.0000, 0.0000, '', 0.00, ''),
(711, 26, 3, 'CC-WP1230', '', 0.0000, 0.0000, 0.0000, '', 0.00, ''),
(712, 26, 3, 'CC-WP1530', '', 0.0000, 0.0000, 0.0000, '', 0.00, ''),
(713, 26, 3, 'CC-WP1830', '', 0.0000, 0.0000, 0.0000, '', 0.00, ''),
(714, 26, 3, 'CC-WP2130', '', 0.0000, 0.0000, 0.0000, '', 0.00, ''),
(715, 26, 3, 'CC-WP2430', '', 0.0000, 0.0000, 0.0000, '', 0.00, ''),
(716, 26, 3, 'CC-WP-VDD', '', 0.0000, 0.0000, 0.0000, '', 0.00, ''),
(717, 26, 3, 'CC-WP-BASE', '', 0.0000, 0.0000, 0.0000, '', 0.00, ''),
(718, 26, 3, 'CC-WP-W12', '', 0.0000, 0.0000, 0.0000, '', 0.00, ''),
(719, 26, 3, 'CC-WP-W30', '', 0.0000, 0.0000, 0.0000, '', 0.00, ''),
(720, 26, 3, 'CC-WP-W36', '', 0.0000, 0.0000, 0.0000, '', 0.00, ''),
(721, 26, 3, 'CC-WP-W42', '', 0.0000, 0.0000, 0.0000, '', 0.00, ''),
(722, 26, 3, 'CC-WP-T84', '', 0.0000, 0.0000, 0.0000, '', 0.00, ''),
(723, 26, 3, 'CC-WP-T90', '', 0.0000, 0.0000, 0.0000, '', 0.00, ''),
(724, 26, 3, 'CC-WP-T96', '', 0.0000, 0.0000, 0.0000, '', 0.00, ''),
(725, 27, 3, 'CC-DWR3', '', 0.0000, 0.0000, 0.0000, '', 0.00, ''),
(726, 27, 3, 'CC-RRP9627(3/4)', '', 0.0000, 0.0000, 0.0000, '', 0.00, ''),
(727, 27, 3, 'CC-RRP8427(3)', '', 0.0000, 0.0000, 0.0000, '', 0.00, ''),
(728, 27, 3, 'CC-RRP9027(3)', '', 0.0000, 0.0000, 0.0000, '', 0.00, ''),
(729, 27, 3, 'CC-RRP9627(3)', '', 0.0000, 0.0000, 0.0000, '', 0.00, ''),
(730, 27, 3, 'CC-BP3696', '', 0.0000, 0.0000, 0.0000, '', 0.00, ''),
(731, 27, 3, 'CC-BP4896', '', 0.0000, 0.0000, 0.0000, '', 0.00, ''),
(732, 27, 3, 'CC-BS24', '', 0.0000, 0.0000, 0.0000, '', 0.00, ''),
(733, 27, 3, 'CC-WS1230', '', 0.0000, 0.0000, 0.0000, '', 0.00, ''),
(734, 27, 3, 'CC-WS1236', '', 0.0000, 0.0000, 0.0000, '', 0.00, ''),
(735, 27, 3, 'CC-WS1242', '', 0.0000, 0.0000, 0.0000, '', 0.00, ''),
(736, 27, 3, 'CC-WS1248', '', 0.0000, 0.0000, 0.0000, '', 0.00, ''),
(737, 27, 3, 'CC-WS1254', '', 0.0000, 0.0000, 0.0000, '', 0.00, ''),
(738, 27, 3, 'CC-TS2796', '', 0.0000, 0.0000, 0.0000, '', 0.00, ''),
(739, 27, 3, 'CC-TK8', '', 0.0000, 0.0000, 0.0000, '', 0.00, ''),
(740, 28, 3, 'CC-BBM1', '', 0.0000, 0.0000, 0.0000, '', 0.00, ''),
(741, 28, 3, 'CC-BBM2', '', 0.0000, 0.0000, 0.0000, '', 0.00, ''),
(742, 28, 3, 'CC-ICM8', '', 0.0000, 0.0000, 0.0000, '', 0.00, ''),
(743, 28, 3, 'CC-QRM8', '', 0.0000, 0.0000, 0.0000, '', 0.00, ''),
(744, 28, 3, 'CC-OCM8', '', 0.0000, 0.0000, 0.0000, '', 0.00, ''),
(745, 28, 3, 'CC-SM8-S', '', 0.0000, 0.0000, 0.0000, '', 0.00, ''),
(746, 28, 3, 'CC-SM8-D', '', 0.0000, 0.0000, 0.0000, '', 0.00, ''),
(747, 28, 3, 'CC-LRM1', '', 0.0000, 0.0000, 0.0000, '', 0.00, ''),
(748, 28, 3, 'CC-LRM2', '', 0.0000, 0.0000, 0.0000, '', 0.00, ''),
(749, 28, 3, 'CC-CM-1', '', 0.0000, 0.0000, 0.0000, '', 0.00, ''),
(750, 28, 3, 'CC-CM-1B', '', 0.0000, 0.0000, 0.0000, '', 0.00, ''),
(751, 28, 3, 'CC-CM-3', '', 0.0000, 0.0000, 0.0000, '', 0.00, ''),
(752, 28, 3, 'CC-CM-3B', '', 0.0000, 0.0000, 0.0000, '', 0.00, ''),
(753, 28, 3, 'CC-CM-4', '', 0.0000, 0.0000, 0.0000, '', 0.00, '');
INSERT INTO `item` (`item_id`, `item_item_category_id`, `item_item_style_id`, `item_sku`, `item_name`, `item_l`, `item_w`, `item_h`, `item_description`, `item_price`, `item_image`) VALUES
(754, 28, 3, 'CC-CM-4B', '', 0.0000, 0.0000, 0.0000, '', 0.00, ''),
(755, 28, 3, 'CC-CM-6', '', 0.0000, 0.0000, 0.0000, '', 0.00, ''),
(756, 28, 3, 'CC-CM-6B', '', 0.0000, 0.0000, 0.0000, '', 0.00, ''),
(757, 27, 3, 'CC-WF330', '', 0.0000, 0.0000, 0.0000, '', 0.00, ''),
(758, 27, 3, 'CC-WF336', '', 0.0000, 0.0000, 0.0000, '', 0.00, ''),
(759, 27, 3, 'CC-WF342', '', 0.0000, 0.0000, 0.0000, '', 0.00, ''),
(760, 27, 3, 'CC-WF630', '', 0.0000, 0.0000, 0.0000, '', 0.00, ''),
(761, 27, 3, 'CC-WF636', '', 0.0000, 0.0000, 0.0000, '', 0.00, ''),
(762, 27, 3, 'CC-WF642', '', 0.0000, 0.0000, 0.0000, '', 0.00, ''),
(763, 27, 3, 'CC-TF396', '', 0.0000, 0.0000, 0.0000, '', 0.00, ''),
(764, 27, 3, 'CC-TF696', '', 0.0000, 0.0000, 0.0000, '', 0.00, ''),
(765, 27, 3, 'CC-BF3', '', 0.0000, 0.0000, 0.0000, '', 0.00, ''),
(766, 27, 3, 'CC-BF6', '', 0.0000, 0.0000, 0.0000, '', 0.00, ''),
(767, 27, 3, 'CC-BFF3', '', 0.0000, 0.0000, 0.0000, '', 0.00, ''),
(768, 27, 3, 'CC-WFF330', '', 0.0000, 0.0000, 0.0000, '', 0.00, ''),
(769, 27, 3, 'CC-WFF336', '', 0.0000, 0.0000, 0.0000, '', 0.00, ''),
(770, 27, 3, 'CC-WFF342', '', 0.0000, 0.0000, 0.0000, '', 0.00, ''),
(771, 27, 3, 'CC-WFF384', '', 0.0000, 0.0000, 0.0000, '', 0.00, ''),
(772, 27, 3, 'CC-WFF390', '', 0.0000, 0.0000, 0.0000, '', 0.00, ''),
(773, 27, 3, 'CC-WFF396', '', 0.0000, 0.0000, 0.0000, '', 0.00, ''),
(774, 29, 3, 'CC-VA36', '', 0.0000, 0.0000, 0.0000, '', 0.00, ''),
(775, 29, 3, 'CC-VA42', '', 0.0000, 0.0000, 0.0000, '', 0.00, ''),
(776, 29, 3, 'CC-VARP36', '', 0.0000, 0.0000, 0.0000, '', 0.00, ''),
(777, 29, 3, 'CC-VARP48', '', 0.0000, 0.0000, 0.0000, '', 0.00, ''),
(778, 29, 3, 'CC-VARP54', '', 0.0000, 0.0000, 0.0000, '', 0.00, ''),
(779, 30, 3, 'CC-CML', '', 0.0000, 0.0000, 0.0000, '', 0.00, ''),
(780, 30, 3, 'CC-SP36', '', 0.0000, 0.0000, 0.0000, '', 0.00, ''),
(781, 30, 3, 'CC-PP-BASE', '', 0.0000, 0.0000, 0.0000, '', 0.00, ''),
(782, 30, 3, 'CC-PP-T84', '', 0.0000, 0.0000, 0.0000, '', 0.00, ''),
(783, 30, 3, 'CC-PP-T90', '', 0.0000, 0.0000, 0.0000, '', 0.00, ''),
(784, 30, 3, 'CC-PP-T96', '', 0.0000, 0.0000, 0.0000, '', 0.00, ''),
(785, 21, 3, 'CC-SD-1', '', 0.0000, 0.0000, 0.0000, '', 0.00, ''),
(786, 21, 3, 'CC-SD-2', '', 0.0000, 0.0000, 0.0000, '', 0.00, ''),
(787, 19, 4, 'WC-B09-F', '', 0.0000, 0.0000, 0.0000, '', 0.00, ''),
(788, 19, 4, 'WC-B12-F', '', 0.0000, 0.0000, 0.0000, '', 0.00, ''),
(789, 19, 4, 'WC-B15-F', '', 0.0000, 0.0000, 0.0000, '', 0.00, ''),
(790, 19, 4, 'WC-B18-F', '', 0.0000, 0.0000, 0.0000, '', 0.00, ''),
(791, 19, 4, 'WC-B21-F', '', 0.0000, 0.0000, 0.0000, '', 0.00, ''),
(792, 19, 4, 'WC-B24-F', '', 0.0000, 0.0000, 0.0000, '', 0.00, ''),
(793, 19, 4, 'WC-B27-F', '', 0.0000, 0.0000, 0.0000, '', 0.00, ''),
(794, 19, 4, 'WC-B30-F', '', 0.0000, 0.0000, 0.0000, '', 0.00, ''),
(795, 19, 4, 'WC-B33-F', '', 0.0000, 0.0000, 0.0000, '', 0.00, ''),
(796, 19, 4, 'WC-B36-F', '', 0.0000, 0.0000, 0.0000, '', 0.00, ''),
(797, 19, 4, 'WC-DB12(3D)-F', '', 0.0000, 0.0000, 0.0000, '', 0.00, ''),
(798, 19, 4, 'WC-DB15(3D)-F', '', 0.0000, 0.0000, 0.0000, '', 0.00, ''),
(799, 19, 4, 'WC-DB18(3D)-F', '', 0.0000, 0.0000, 0.0000, '', 0.00, ''),
(800, 19, 4, 'WC-DB21(3D)-F', '', 0.0000, 0.0000, 0.0000, '', 0.00, ''),
(801, 19, 4, 'WC-DB24(3D)-F', '', 0.0000, 0.0000, 0.0000, '', 0.00, ''),
(802, 19, 4, 'WC-DB27(3D)-F', '', 0.0000, 0.0000, 0.0000, '', 0.00, ''),
(803, 19, 4, 'WC-DB30(3D)-F', '', 0.0000, 0.0000, 0.0000, '', 0.00, ''),
(804, 19, 4, 'WC-DB33(3D)-F', '', 0.0000, 0.0000, 0.0000, '', 0.00, ''),
(805, 19, 4, 'WC-DB36(3D)-F', '', 0.0000, 0.0000, 0.0000, '', 0.00, ''),
(806, 25, 4, 'WC-VDB12(3D)', '', 0.0000, 0.0000, 0.0000, '', 0.00, ''),
(807, 25, 4, 'WC-VDB15(3D)', '', 0.0000, 0.0000, 0.0000, '', 0.00, ''),
(808, 25, 4, 'WC-VDB18(3D)', '', 0.0000, 0.0000, 0.0000, '', 0.00, ''),
(809, 25, 4, 'WC-VDB21(3D)', '', 0.0000, 0.0000, 0.0000, '', 0.00, ''),
(810, 25, 4, 'WC-VDB24(3D)', '', 0.0000, 0.0000, 0.0000, '', 0.00, ''),
(811, 25, 4, 'WC-VDB27(3D)', '', 0.0000, 0.0000, 0.0000, '', 0.00, ''),
(812, 25, 4, 'WC-VDB30(3D)', '', 0.0000, 0.0000, 0.0000, '', 0.00, ''),
(813, 25, 4, 'WC-VDB33(3D)', '', 0.0000, 0.0000, 0.0000, '', 0.00, ''),
(814, 25, 4, 'WC-VDB36(3D)', '', 0.0000, 0.0000, 0.0000, '', 0.00, ''),
(815, 25, 4, 'WC-VSB24', '', 0.0000, 0.0000, 0.0000, '', 0.00, ''),
(816, 25, 4, 'WC-VSB27', '', 0.0000, 0.0000, 0.0000, '', 0.00, ''),
(817, 25, 4, 'WC-VSB30', '', 0.0000, 0.0000, 0.0000, '', 0.00, ''),
(818, 25, 4, 'WC-VSB33', '', 0.0000, 0.0000, 0.0000, '', 0.00, ''),
(819, 25, 4, 'WC-VSB36', '', 0.0000, 0.0000, 0.0000, '', 0.00, ''),
(820, 25, 4, 'WC-VSD30(LR)', '', 0.0000, 0.0000, 0.0000, '', 0.00, ''),
(821, 25, 4, 'WC-VSD36(LR)', '', 0.0000, 0.0000, 0.0000, '', 0.00, ''),
(822, 25, 4, 'WC-VSD42(LR)', '', 0.0000, 0.0000, 0.0000, '', 0.00, ''),
(823, 19, 4, 'WC-BLB39/42-F', '', 0.0000, 0.0000, 0.0000, '', 0.00, ''),
(824, 19, 4, 'WC-BLB42/45-F', '', 0.0000, 0.0000, 0.0000, '', 0.00, ''),
(825, 19, 4, 'WC-LSB33-F', '', 0.0000, 0.0000, 0.0000, '', 0.00, ''),
(826, 19, 4, 'WC-LSB36-F', '', 0.0000, 0.0000, 0.0000, '', 0.00, ''),
(827, 19, 4, 'WC-BMC30-F', '', 0.0000, 0.0000, 0.0000, '', 0.00, ''),
(828, 20, 4, 'WC-W1212-F', '', 0.0000, 0.0000, 0.0000, '', 0.00, ''),
(829, 20, 4, 'WC-W1512-F', '', 0.0000, 0.0000, 0.0000, '', 0.00, ''),
(830, 20, 4, 'WC-W1812-F', '', 0.0000, 0.0000, 0.0000, '', 0.00, ''),
(831, 20, 4, 'WC-W2112-F', '', 0.0000, 0.0000, 0.0000, '', 0.00, ''),
(832, 20, 4, 'WC-W2412-F', '', 0.0000, 0.0000, 0.0000, '', 0.00, ''),
(833, 20, 4, 'WC-W2712-F', '', 0.0000, 0.0000, 0.0000, '', 0.00, ''),
(834, 20, 4, 'WC-W3012-F', '', 0.0000, 0.0000, 0.0000, '', 0.00, ''),
(835, 20, 4, 'WC-W3312-F', '', 0.0000, 0.0000, 0.0000, '', 0.00, ''),
(836, 20, 4, 'WC-W3612-F', '', 0.0000, 0.0000, 0.0000, '', 0.00, ''),
(837, 20, 4, 'WC-W3015-F', '', 0.0000, 0.0000, 0.0000, '', 0.00, ''),
(838, 20, 4, 'WC-W3315-F', '', 0.0000, 0.0000, 0.0000, '', 0.00, ''),
(839, 20, 4, 'WC-W3615-F', '', 0.0000, 0.0000, 0.0000, '', 0.00, ''),
(840, 20, 4, 'WC-W2418-F', '', 0.0000, 0.0000, 0.0000, '', 0.00, ''),
(841, 20, 4, 'WC-W2718-F', '', 0.0000, 0.0000, 0.0000, '', 0.00, ''),
(842, 20, 4, 'WC-W3018-F', '', 0.0000, 0.0000, 0.0000, '', 0.00, ''),
(843, 20, 4, 'WC-W3318-F', '', 0.0000, 0.0000, 0.0000, '', 0.00, ''),
(844, 20, 4, 'WC-W3618-F', '', 0.0000, 0.0000, 0.0000, '', 0.00, ''),
(845, 20, 4, 'WC-W2421-F', '', 0.0000, 0.0000, 0.0000, '', 0.00, ''),
(846, 20, 4, 'WC-W2721-F', '', 0.0000, 0.0000, 0.0000, '', 0.00, ''),
(847, 20, 4, 'WC-W3021-F', '', 0.0000, 0.0000, 0.0000, '', 0.00, ''),
(848, 20, 4, 'WC-W3321-F', '', 0.0000, 0.0000, 0.0000, '', 0.00, ''),
(849, 20, 4, 'WC-W3621-F', '', 0.0000, 0.0000, 0.0000, '', 0.00, ''),
(850, 20, 4, 'WC-W3024-F', '', 0.0000, 0.0000, 0.0000, '', 0.00, ''),
(851, 20, 4, 'WC-W3324-F', '', 0.0000, 0.0000, 0.0000, '', 0.00, ''),
(852, 20, 4, 'WC-W3624-F', '', 0.0000, 0.0000, 0.0000, '', 0.00, ''),
(853, 20, 4, 'WC-W0930-F', '', 0.0000, 0.0000, 0.0000, '', 0.00, ''),
(854, 20, 4, 'WC-W1230-F', '', 0.0000, 0.0000, 0.0000, '', 0.00, ''),
(855, 20, 4, 'WC-W1530-F', '', 0.0000, 0.0000, 0.0000, '', 0.00, ''),
(856, 20, 4, 'WC-W1830-F', '', 0.0000, 0.0000, 0.0000, '', 0.00, ''),
(857, 20, 4, 'WC-W2130-F', '', 0.0000, 0.0000, 0.0000, '', 0.00, ''),
(858, 20, 4, 'WC-W2430-F', '', 0.0000, 0.0000, 0.0000, '', 0.00, ''),
(859, 20, 4, 'WC-W2730-F', '', 0.0000, 0.0000, 0.0000, '', 0.00, ''),
(860, 20, 4, 'WC-W3030-F', '', 0.0000, 0.0000, 0.0000, '', 0.00, ''),
(861, 20, 4, 'WC-W3330-F', '', 0.0000, 0.0000, 0.0000, '', 0.00, ''),
(862, 20, 4, 'WC-W3630-F', '', 0.0000, 0.0000, 0.0000, '', 0.00, ''),
(863, 20, 4, 'WC-W3930-F', '', 0.0000, 0.0000, 0.0000, '', 0.00, ''),
(864, 20, 4, 'WC-W4230-F', '', 0.0000, 0.0000, 0.0000, '', 0.00, ''),
(865, 20, 4, 'WC-W0936-F', '', 0.0000, 0.0000, 0.0000, '', 0.00, ''),
(866, 20, 4, 'WC-W1236-F', '', 0.0000, 0.0000, 0.0000, '', 0.00, ''),
(867, 20, 4, 'WC-W1536-F', '', 0.0000, 0.0000, 0.0000, '', 0.00, ''),
(868, 20, 4, 'WC-W1836-F', '', 0.0000, 0.0000, 0.0000, '', 0.00, ''),
(869, 20, 4, 'WC-W2136-F', '', 0.0000, 0.0000, 0.0000, '', 0.00, ''),
(870, 20, 4, 'WC-W2436-F', '', 0.0000, 0.0000, 0.0000, '', 0.00, ''),
(871, 20, 4, 'WC-W2736-F', '', 0.0000, 0.0000, 0.0000, '', 0.00, ''),
(872, 20, 4, 'WC-W3036-F', '', 0.0000, 0.0000, 0.0000, '', 0.00, ''),
(873, 20, 4, 'WC-W3336-F', '', 0.0000, 0.0000, 0.0000, '', 0.00, ''),
(874, 20, 4, 'WC-W3636-F', '', 0.0000, 0.0000, 0.0000, '', 0.00, ''),
(875, 20, 4, 'WC-W3936-F', '', 0.0000, 0.0000, 0.0000, '', 0.00, ''),
(876, 20, 4, 'WC-W4236-F', '', 0.0000, 0.0000, 0.0000, '', 0.00, ''),
(877, 20, 4, 'WC-W0942-F', '', 0.0000, 0.0000, 0.0000, '', 0.00, ''),
(878, 20, 4, 'WC-W1242-F', '', 0.0000, 0.0000, 0.0000, '', 0.00, ''),
(879, 20, 4, 'WC-W1542-F', '', 0.0000, 0.0000, 0.0000, '', 0.00, ''),
(880, 20, 4, 'WC-W1842-F', '', 0.0000, 0.0000, 0.0000, '', 0.00, ''),
(881, 20, 4, 'WC-W2142-F', '', 0.0000, 0.0000, 0.0000, '', 0.00, ''),
(882, 20, 4, 'WC-W2442-F', '', 0.0000, 0.0000, 0.0000, '', 0.00, ''),
(883, 20, 4, 'WC-W3042-F', '', 0.0000, 0.0000, 0.0000, '', 0.00, ''),
(884, 20, 4, 'WC-W3342-F', '', 0.0000, 0.0000, 0.0000, '', 0.00, ''),
(885, 20, 4, 'WC-W3642-F', '', 0.0000, 0.0000, 0.0000, '', 0.00, ''),
(886, 20, 4, 'WC-W3942-F', '', 0.0000, 0.0000, 0.0000, '', 0.00, ''),
(887, 20, 4, 'WC-W4242-F', '', 0.0000, 0.0000, 0.0000, '', 0.00, ''),
(888, 20, 4, 'WC-WDC2412-F', '', 0.0000, 0.0000, 0.0000, '', 0.00, ''),
(889, 20, 4, 'WC-WDC2430-F', '', 0.0000, 0.0000, 0.0000, '', 0.00, ''),
(890, 20, 4, 'WC-WDC2436-F', '', 0.0000, 0.0000, 0.0000, '', 0.00, ''),
(891, 20, 4, 'WC-WDC2442-F', '', 0.0000, 0.0000, 0.0000, '', 0.00, ''),
(892, 20, 4, 'WC-WOE1230', '', 0.0000, 0.0000, 0.0000, '', 0.00, ''),
(893, 20, 4, 'WC-WOE1236', '', 0.0000, 0.0000, 0.0000, '', 0.00, ''),
(894, 20, 4, 'WC-WOE1242', '', 0.0000, 0.0000, 0.0000, '', 0.00, ''),
(895, 20, 4, 'WC-WMO2430', '', 0.0000, 0.0000, 0.0000, '', 0.00, ''),
(896, 20, 4, 'WC-WMO2730', '', 0.0000, 0.0000, 0.0000, '', 0.00, ''),
(897, 20, 4, 'WC-WMO3030', '', 0.0000, 0.0000, 0.0000, '', 0.00, ''),
(898, 20, 4, 'WC-WMO2436', '', 0.0000, 0.0000, 0.0000, '', 0.00, ''),
(899, 20, 4, 'WC-WMO2736', '', 0.0000, 0.0000, 0.0000, '', 0.00, ''),
(900, 20, 4, 'WC-WMO3036', '', 0.0000, 0.0000, 0.0000, '', 0.00, ''),
(901, 20, 4, 'WC-WMO2442', '', 0.0000, 0.0000, 0.0000, '', 0.00, ''),
(902, 20, 4, 'WC-WMO2742', '', 0.0000, 0.0000, 0.0000, '', 0.00, ''),
(903, 20, 4, 'WC-WMO3042', '', 0.0000, 0.0000, 0.0000, '', 0.00, ''),
(904, 22, 4, 'WC-TP1584-F', '', 0.0000, 0.0000, 0.0000, '', 0.00, ''),
(905, 22, 4, 'WC-TP1884-F', '', 0.0000, 0.0000, 0.0000, '', 0.00, ''),
(906, 22, 4, 'WC-TP2484-F', '', 0.0000, 0.0000, 0.0000, '', 0.00, ''),
(907, 22, 4, 'WC-TP3084-F', '', 0.0000, 0.0000, 0.0000, '', 0.00, ''),
(908, 22, 4, 'WC-TP1590-F', '', 0.0000, 0.0000, 0.0000, '', 0.00, ''),
(909, 22, 4, 'WC-TP1890-F', '', 0.0000, 0.0000, 0.0000, '', 0.00, ''),
(910, 22, 4, 'WC-TP2490-F', '', 0.0000, 0.0000, 0.0000, '', 0.00, ''),
(911, 22, 4, 'WC-TP3090-F', '', 0.0000, 0.0000, 0.0000, '', 0.00, ''),
(912, 23, 4, 'WC-TP1596-F', '', 0.0000, 0.0000, 0.0000, '', 0.00, ''),
(913, 22, 4, 'WC-TP1896-F', '', 0.0000, 0.0000, 0.0000, '', 0.00, ''),
(914, 22, 4, 'WC-TP2496-F', '', 0.0000, 0.0000, 0.0000, '', 0.00, ''),
(915, 22, 4, 'WC-TP3096-F', '', 0.0000, 0.0000, 0.0000, '', 0.00, ''),
(916, 23, 4, 'WC-WR1818', '', 0.0000, 0.0000, 0.0000, '', 0.00, ''),
(917, 23, 4, 'WC-WR3018', '', 0.0000, 0.0000, 0.0000, '', 0.00, ''),
(918, 23, 4, 'WC-WR3618', '', 0.0000, 0.0000, 0.0000, '', 0.00, ''),
(919, 23, 4, 'WC-SGH30', '', 0.0000, 0.0000, 0.0000, '', 0.00, ''),
(920, 23, 4, 'WC-SGH36', '', 0.0000, 0.0000, 0.0000, '', 0.00, ''),
(921, 24, 4, 'WC-RHA363021', '', 0.0000, 0.0000, 0.0000, '', 0.00, ''),
(922, 24, 4, 'WC-RHA423021', '', 0.0000, 0.0000, 0.0000, '', 0.00, ''),
(923, 26, 4, 'WC-WP1230', '', 0.0000, 0.0000, 0.0000, '', 0.00, ''),
(924, 26, 4, 'WC-WP1530', '', 0.0000, 0.0000, 0.0000, '', 0.00, ''),
(925, 26, 4, 'WC-WP1830', '', 0.0000, 0.0000, 0.0000, '', 0.00, ''),
(926, 26, 4, 'WC-WP2130', '', 0.0000, 0.0000, 0.0000, '', 0.00, ''),
(927, 26, 4, 'WC-WP2430', '', 0.0000, 0.0000, 0.0000, '', 0.00, ''),
(928, 26, 4, 'WC-WP-VDD', '', 0.0000, 0.0000, 0.0000, '', 0.00, ''),
(929, 26, 4, 'WC-WP-BASE', '', 0.0000, 0.0000, 0.0000, '', 0.00, ''),
(930, 26, 4, 'WC-WP-W12', '', 0.0000, 0.0000, 0.0000, '', 0.00, ''),
(931, 26, 4, 'WC-WP-W30', '', 0.0000, 0.0000, 0.0000, '', 0.00, ''),
(932, 26, 4, 'WC-WP-T84', '', 0.0000, 0.0000, 0.0000, '', 0.00, ''),
(933, 26, 4, 'WC-WP-T90', '', 0.0000, 0.0000, 0.0000, '', 0.00, ''),
(934, 26, 4, 'WC-WP-T96', '', 0.0000, 0.0000, 0.0000, '', 0.00, ''),
(935, 27, 4, 'WC-DWR3', '', 0.0000, 0.0000, 0.0000, '', 0.00, ''),
(936, 27, 4, 'WC-RRP9627(3/4)', '', 0.0000, 0.0000, 0.0000, '', 0.00, ''),
(937, 27, 4, 'WC-RRP8427(3)', '', 0.0000, 0.0000, 0.0000, '', 0.00, ''),
(938, 27, 4, 'WC-RRP9027(3)', '', 0.0000, 0.0000, 0.0000, '', 0.00, ''),
(939, 27, 4, 'WC-RRP9627(3)', '', 0.0000, 0.0000, 0.0000, '', 0.00, ''),
(940, 27, 4, 'WC-BP3696', '', 0.0000, 0.0000, 0.0000, '', 0.00, ''),
(941, 27, 4, 'WC-BP4896', '', 0.0000, 0.0000, 0.0000, '', 0.00, ''),
(942, 27, 4, 'WC-BS24', '', 0.0000, 0.0000, 0.0000, '', 0.00, ''),
(943, 27, 4, 'WC-WS1230', '', 0.0000, 0.0000, 0.0000, '', 0.00, ''),
(944, 27, 4, 'WC-WS1236', '', 0.0000, 0.0000, 0.0000, '', 0.00, ''),
(945, 27, 4, 'WC-WS1242', '', 0.0000, 0.0000, 0.0000, '', 0.00, ''),
(946, 27, 4, 'WC-WS1248', '', 0.0000, 0.0000, 0.0000, '', 0.00, ''),
(947, 27, 4, 'WC-WS1254', '', 0.0000, 0.0000, 0.0000, '', 0.00, ''),
(948, 27, 4, 'WC-TS2796', '', 0.0000, 0.0000, 0.0000, '', 0.00, ''),
(949, 27, 4, 'WC-TK8', '', 0.0000, 0.0000, 0.0000, '', 0.00, ''),
(950, 28, 4, 'WC-BBM1', '', 0.0000, 0.0000, 0.0000, '', 0.00, ''),
(951, 28, 4, 'WC-BBM2', '', 0.0000, 0.0000, 0.0000, '', 0.00, ''),
(952, 28, 4, 'WC-ICM8', '', 0.0000, 0.0000, 0.0000, '', 0.00, ''),
(953, 28, 4, 'WC-QRM8', '', 0.0000, 0.0000, 0.0000, '', 0.00, ''),
(954, 28, 4, 'WC-OCM8', '', 0.0000, 0.0000, 0.0000, '', 0.00, ''),
(955, 28, 4, 'WC-SM8-S', '', 0.0000, 0.0000, 0.0000, '', 0.00, ''),
(956, 28, 4, 'WC-SM8-D', '', 0.0000, 0.0000, 0.0000, '', 0.00, ''),
(957, 28, 4, 'WC-LRM1', '', 0.0000, 0.0000, 0.0000, '', 0.00, ''),
(958, 28, 4, 'WC-LRM2', '', 0.0000, 0.0000, 0.0000, '', 0.00, ''),
(959, 28, 4, 'WC-CM-1', '', 0.0000, 0.0000, 0.0000, '', 0.00, ''),
(960, 28, 4, 'WC-CM-1B', '', 0.0000, 0.0000, 0.0000, '', 0.00, ''),
(961, 28, 4, 'WC-CM-3', '', 0.0000, 0.0000, 0.0000, '', 0.00, ''),
(962, 28, 4, 'WC-CM-3B', '', 0.0000, 0.0000, 0.0000, '', 0.00, ''),
(963, 28, 4, 'WC-CM-4', '', 0.0000, 0.0000, 0.0000, '', 0.00, ''),
(964, 28, 4, 'WC-CM-4B', '', 0.0000, 0.0000, 0.0000, '', 0.00, ''),
(965, 28, 4, 'WC-CM-6', '', 0.0000, 0.0000, 0.0000, '', 0.00, ''),
(966, 28, 4, 'WC-CM-6B', '', 0.0000, 0.0000, 0.0000, '', 0.00, ''),
(967, 27, 4, 'WC-WF330', '', 0.0000, 0.0000, 0.0000, '', 0.00, ''),
(968, 27, 4, 'WC-WF336', '', 0.0000, 0.0000, 0.0000, '', 0.00, ''),
(969, 27, 4, 'WC-WF342', '', 0.0000, 0.0000, 0.0000, '', 0.00, ''),
(970, 27, 4, 'WC-WF630', '', 0.0000, 0.0000, 0.0000, '', 0.00, ''),
(971, 27, 4, 'WC-WF636', '', 0.0000, 0.0000, 0.0000, '', 0.00, ''),
(972, 27, 4, 'WC-WF642', '', 0.0000, 0.0000, 0.0000, '', 0.00, ''),
(973, 27, 4, 'WC-TF396', '', 0.0000, 0.0000, 0.0000, '', 0.00, ''),
(974, 27, 4, 'WC-TF696', '', 0.0000, 0.0000, 0.0000, '', 0.00, ''),
(975, 27, 4, 'WC-BF3', '', 0.0000, 0.0000, 0.0000, '', 0.00, ''),
(976, 27, 4, 'WC-BF6', '', 0.0000, 0.0000, 0.0000, '', 0.00, ''),
(977, 27, 4, 'WC-BFF3', '', 0.0000, 0.0000, 0.0000, '', 0.00, ''),
(978, 27, 4, 'WC-WFF330', '', 0.0000, 0.0000, 0.0000, '', 0.00, ''),
(979, 27, 4, 'WC-WFF336', '', 0.0000, 0.0000, 0.0000, '', 0.00, ''),
(980, 27, 4, 'WC-WFF342', '', 0.0000, 0.0000, 0.0000, '', 0.00, ''),
(981, 27, 4, 'WC-WFF384', '', 0.0000, 0.0000, 0.0000, '', 0.00, ''),
(982, 27, 4, 'WC-WFF390', '', 0.0000, 0.0000, 0.0000, '', 0.00, ''),
(983, 27, 4, 'WC-WFF396', '', 0.0000, 0.0000, 0.0000, '', 0.00, ''),
(984, 29, 4, 'WC-VA36', '', 0.0000, 0.0000, 0.0000, '', 0.00, ''),
(985, 29, 4, 'WC-VA42', '', 0.0000, 0.0000, 0.0000, '', 0.00, ''),
(986, 29, 4, 'WC-VARP36', '', 0.0000, 0.0000, 0.0000, '', 0.00, ''),
(987, 29, 4, 'WC-VARP48', '', 0.0000, 0.0000, 0.0000, '', 0.00, ''),
(988, 29, 4, 'WC-VARP54', '', 0.0000, 0.0000, 0.0000, '', 0.00, ''),
(989, 30, 4, 'WC-CML', '', 0.0000, 0.0000, 0.0000, '', 0.00, ''),
(990, 30, 4, 'WC-SP36', '', 0.0000, 0.0000, 0.0000, '', 0.00, ''),
(991, 30, 4, 'WC-PP-BASE', '', 0.0000, 0.0000, 0.0000, '', 0.00, ''),
(992, 30, 4, 'WC-PP-T84', '', 0.0000, 0.0000, 0.0000, '', 0.00, ''),
(993, 30, 4, 'WC-PP-T90', '', 0.0000, 0.0000, 0.0000, '', 0.00, ''),
(994, 30, 4, 'WC-PP-T96', '', 0.0000, 0.0000, 0.0000, '', 0.00, ''),
(995, 21, 4, 'WC-SD-1', '', 0.0000, 0.0000, 0.0000, '', 0.00, ''),
(996, 21, 4, 'WC-SD-2', '', 0.0000, 0.0000, 0.0000, '', 0.00, ''),
(997, 31, 11, 'SOW1206', '', 0.0000, 0.0000, 0.0000, '', 5.00, ''),
(998, 31, 11, 'SOW1212', '', 0.0000, 0.0000, 0.0000, '', 10.00, ''),
(999, 31, 11, 'SOW1230', '', 0.0000, 0.0000, 0.0000, '', 25.00, ''),
(1000, 31, 11, 'SOW2406', '', 0.0000, 0.0000, 0.0000, '', 10.00, ''),
(1001, 31, 11, 'SOW1224', '', 0.0000, 0.0000, 0.0000, '', 20.00, ''),
(1002, 31, 11, 'SOW1530', '', 0.0000, 0.0000, 0.0000, '', 32.00, ''),
(1003, 31, 11, 'SOW3008', '', 0.0000, 0.0000, 0.0000, '', 17.00, ''),
(1004, 31, 11, 'SOW1822', '', 0.0000, 0.0000, 0.0000, '', 28.00, ''),
(1005, 31, 11, 'SOW1211', '', 0.0000, 0.0000, 0.0000, '', 9.00, ''),
(1006, 31, 11, 'SOW3608', '', 0.0000, 0.0000, 0.0000, '', 20.00, ''),
(1007, 31, 11, 'SOW1222', '', 0.0000, 0.0000, 0.0000, '', 18.00, '');

-- --------------------------------------------------------

--
-- Table structure for table `item_category`
--

CREATE TABLE `item_category` (
  `item_category_id` int(11) NOT NULL,
  `item_category_title` char(255) NOT NULL,
  `item_category_description` text NOT NULL
) ENGINE=InnoDB DEFAULT CHARSET=utf8;

--
-- Dumping data for table `item_category`
--

INSERT INTO `item_category` (`item_category_id`, `item_category_title`, `item_category_description`) VALUES
(18, 'Hardware', 'Hinge, Slider, Handle, Nob'),
(19, 'Base Cabinets', ''),
(20, 'Wall Cabinets', ''),
(21, 'Samples', 'Sample Door'),
(22, 'Pantry & Oven Cabinets', ''),
(23, 'Storage & Organization', ''),
(24, 'Hood & Specialty Cabinets', ''),
(25, 'Bathroom Vanities', ''),
(26, 'Dummy Doors, Drawers & Replacements', ''),
(27, 'Panels & Filers', ''),
(28, 'Moldings', ''),
(29, 'Valances & Decor Blocks', ''),
(30, 'Corbels & Posts', ''),
(31, 'MDF DOOR', 'MDF VANITY DOOR PANEL');

-- --------------------------------------------------------

--
-- Table structure for table `item_style`
--

CREATE TABLE `item_style` (
  `item_style_id` int(11) NOT NULL,
  `item_style_title` char(255) NOT NULL,
  `item_style_description` text NOT NULL,
  `item_style_image_cover` char(150) NOT NULL DEFAULT '',
  `item_style_image_description` char(150) NOT NULL DEFAULT ''
) ENGINE=InnoDB DEFAULT CHARSET=utf8;

--
-- Dumping data for table `item_style`
--

INSERT INTO `item_style` (`item_style_id`, `item_style_title`, `item_style_description`, `item_style_image_cover`, `item_style_image_description`) VALUES
(1, 'SW', 'Shaker White ', '', ''),
(2, 'SG', 'Shaker Grey ', '', ''),
(3, 'CC', 'Concord Chestnut ', '', ''),
(4, 'WC', 'Willow Grey ', '', ''),
(6, 'BOX', '', '', ''),
(8, 'NO-STYLE', '', '', ''),
(11, 'SOW', 'SHAKER WHITE', '', '');

-- --------------------------------------------------------

--
-- Table structure for table `log_login`
--

CREATE TABLE `log_login` (
  `log_login_id` int(11) NOT NULL,
  `log_login_user_id` int(11) NOT NULL,
  `log_login_ip` char(24) NOT NULL,
  `log_login_time` datetime NOT NULL DEFAULT CURRENT_TIMESTAMP
) ENGINE=InnoDB DEFAULT CHARSET=utf8;

-- --------------------------------------------------------

--
-- Table structure for table `register`
--

CREATE TABLE `register` (
  `register_id` int(11) NOT NULL,
  `register_company_name` char(255) NOT NULL DEFAULT '',
  `register_company_number` char(255) NOT NULL DEFAULT '',
  `register_company_owner_first_name` char(255) NOT NULL DEFAULT '',
  `register_company_owner_last_name` char(255) NOT NULL DEFAULT '',
  `register_company_address` char(255) NOT NULL DEFAULT '',
  `register_company_city` char(255) NOT NULL DEFAULT '',
  `register_company_province` char(255) NOT NULL DEFAULT '',
  `register_company_postcode` char(255) NOT NULL DEFAULT '',
  `register_company_country` char(255) NOT NULL DEFAULT '',
  `register_company_phone` char(255) NOT NULL DEFAULT '',
  `register_company_fax` char(255) NOT NULL DEFAULT '',
  `register_company_email` char(255) NOT NULL DEFAULT '',
  `register_company_website` char(255) NOT NULL DEFAULT '',
  `register_first_name` char(255) NOT NULL DEFAULT '',
  `register_last_name` char(255) NOT NULL DEFAULT '',
  `register_role` char(255) NOT NULL DEFAULT '',
  `register_phone` char(255) NOT NULL DEFAULT '',
  `register_email` char(255) NOT NULL DEFAULT '',
  `register_businessCardFile` char(255) NOT NULL DEFAULT '',
  `register_driverLicenseFile` char(255) NOT NULL DEFAULT '',
  `register_company_start_year` char(255) NOT NULL DEFAULT '',
  `register_company_type` char(255) NOT NULL DEFAULT '',
  `register_company_role` char(255) NOT NULL DEFAULT '',
  `register_businessLicenseFile` char(255) NOT NULL DEFAULT '',
  `register_refer_name` char(255) NOT NULL DEFAULT '',
  `register_refer_media` char(255) NOT NULL DEFAULT '',
  `register_reject_reason` text NOT NULL,
  `register_status` tinyint(1) NOT NULL DEFAULT '1' COMMENT ' 0:  1: 2: 3: 4:'
) ENGINE=InnoDB DEFAULT CHARSET=utf8;

--
-- Dumping data for table `register`
--

INSERT INTO `register` (`register_id`, `register_company_name`, `register_company_number`, `register_company_owner_first_name`, `register_company_owner_last_name`, `register_company_address`, `register_company_city`, `register_company_province`, `register_company_postcode`, `register_company_country`, `register_company_phone`, `register_company_fax`, `register_company_email`, `register_company_website`, `register_first_name`, `register_last_name`, `register_role`, `register_phone`, `register_email`, `register_businessCardFile`, `register_driverLicenseFile`, `register_company_start_year`, `register_company_type`, `register_company_role`, `register_businessLicenseFile`, `register_refer_name`, `register_refer_media`, `register_reject_reason`, `register_status`) VALUES
(1, 'Red brick kitchens', '862043742', 'Gwen', 'Menezes', '54 queen st w po box 3054', 'Elmvale', 'Ontario', 'L0l 1p0', 'Canada', '7055150133', '', 'Design@redbrickkitchens.com', 'Www.redbrickkitchens.com', 'Gwen', 'Menezes', 'President', '7055150133', 'Design@redbrickkitchens.com', '/upload/pdf/_15893266705ebb334edceae3.15841029.pdf', '/upload/pdf/_15893266705ebb334eddc760.75683154.pdf', '2018', 'Sole proprietorship', 'Dealer with showroom', '/upload/pdf/_15893266705ebb334ede8011.50467220.pdf', '2020 design promotional email', 'other', '', 2);

-- --------------------------------------------------------

--
-- Table structure for table `user`
--

CREATE TABLE `user` (
  `user_id` int(11) NOT NULL,
  `user_reference_user_id` int(11) NOT NULL DEFAULT '0' COMMENT 'SALES ID',
  `user_user_category_id` int(11) NOT NULL,
  `user_company_location_id` int(11) NOT NULL,
  `user_last_name` char(30) NOT NULL,
  `user_first_name` char(30) NOT NULL,
  `user_email` char(100) NOT NULL,
  `user_avatar` char(255) NOT NULL DEFAULT '/upload/head-default.png',
  `user_pwd` char(64) NOT NULL,
  `user_role` char(30) NOT NULL,
  `user_phone` char(15) NOT NULL,
  `user_fax` char(15) NOT NULL DEFAULT '',
  `user_address` char(255) NOT NULL DEFAULT '',
  `user_business_hour` char(255) NOT NULL DEFAULT '',
  `user_register_time` datetime NOT NULL DEFAULT CURRENT_TIMESTAMP,
  `user_last_login_time` datetime NOT NULL DEFAULT CURRENT_TIMESTAMP,
  `user_status` tinyint(1) NOT NULL DEFAULT '1'
) ENGINE=InnoDB DEFAULT CHARSET=utf8;

--
-- Dumping data for table `user`
--

INSERT INTO `user` (`user_id`, `user_reference_user_id`, `user_user_category_id`, `user_company_location_id`, `user_last_name`, `user_first_name`, `user_email`, `user_avatar`, `user_pwd`, `user_role`, `user_phone`, `user_fax`, `user_address`, `user_business_hour`, `user_register_time`, `user_last_login_time`, `user_status`) VALUES
(1, 0, 1, 1, 'Admin', 'Super', 'superadmin', '/upload/thumbnail/1_15820820845e4ca8242e0d82.15518426.jpg', '01ff38c60e01bba644901f783753adf8', 'President', '9056708787', '', '', '', '2020-02-13 18:02:45', '2020-06-03 19:05:06', 1),
(2, 0, 8, 1, 'Alex', 'Jin', 'Alexander.jin@de-valor.ca', '/upload/head-default.png', '670b14728ad9902aecba32e22fa4f6bd', 'Manager', '6478356087', '', '', '', '2020-03-26 10:13:00', '2020-05-25 11:07:01', 1),
(3, 0, 4, 1, 'Penny', 'Penny', 'penny@de-valor.ca', '/upload/head-default.png', '670b14728ad9902aecba32e22fa4f6bd', 'Others', '6476187588', '', '', '', '2020-03-27 08:26:37', '2020-05-08 13:27:24', 1),
(4, 0, 10, 1, 'Dealer', 'Test', 'test_c@email.com', '/upload/head-default.png', 'e10adc3949ba59abbe56e057f20f883e', 'Others', '6471234567', '', '', '', '2020-05-11 14:45:20', '2020-05-11 14:45:37', 1);

-- --------------------------------------------------------

--
-- Table structure for table `user_category`
--

CREATE TABLE `user_category` (
  `user_category_id` int(11) NOT NULL,
  `user_category_title` char(40) NOT NULL,
  `user_category_authority` text NOT NULL,
  `user_category_level` tinyint(4) NOT NULL
) ENGINE=InnoDB DEFAULT CHARSET=utf8;

--
-- Dumping data for table `user_category`
--

INSERT INTO `user_category` (`user_category_id`, `user_category_title`, `user_category_authority`, `user_category_level`) VALUES
(1, 'Super Admin', '{\"SYSTEM_SETTING\":2,\"USER\":126,\"COMPANY\":62,\"DEALER_APPLICATION\":6,\"ITEM\":30,\"WAREHOUSE\":30,\"INVENTORY\":14,\"INVENTORY_LOG\":2}', 1),
(2, 'Vice President', '{\"SYSTEM_SETTING\":0,\"USER\":62,\"COMPANY\":62,\"DEALER_APPLICATION\":52}', 2),
(3, 'General Manager', '{\"SYSTEM_SETTING\":0,\"USER\":0,\"COMPANY\":0,\"DEALER_APPLICATION\":0}', 3),
(4, 'General Accountant', '{\"SYSTEM_SETTING\":0,\"USER\":0,\"COMPANY\":62,\"DEALER_APPLICATION\":6,\"ITEM\":30}', 3),
(5, 'Sales Manager', '{\"SYSTEM_SETTING\":0,\"USER\":62,\"COMPANY\":62,\"DEALER_APPLICATION\":6}', 4),
(6, 'Warehouse Manager', '{\"SYSTEM_SETTING\":0,\"USER\":0,\"COMPANY\":0,\"DEALER_APPLICATION\":0}', 4),
(7, 'Accountant', '{\"SYSTEM_SETTING\":0,\"USER\":0,\"COMPANY\":0,\"DEALER_APPLICATION\":0}', 4),
(8, 'Sales', '{\"SYSTEM_SETTING\":0,\"USER\":0,\"COMPANY\":0,\"DEALER_APPLICATION\":0}', 5),
(9, 'Warehouse Supervisor', '{\"SYSTEM_SETTING\":0,\"USER\":0,\"COMPANY\":0,\"DEALER_APPLICATION\":0}', 5),
(10, 'Dealer', '{\"SYSTEM_SETTING\":0,\"USER\":0,\"COMPANY\":0,\"DEALER_APPLICATION\":0}', 6),
(11, 'Storekeeper', '{\"SYSTEM_SETTING\":0,\"USER\":0,\"COMPANY\":0,\"DEALER_APPLICATION\":0}', 6),
(12, 'Assembler', '{\"SYSTEM_SETTING\":0,\"USER\":0,\"COMPANY\":0,\"DEALER_APPLICATION\":0}', 6),
(13, 'Deliveryman', '{\"SYSTEM_SETTING\":0,\"USER\":0,\"COMPANY\":0,\"DEALER_APPLICATION\":0}', 6);

-- --------------------------------------------------------

--
-- Table structure for table `warehouse`
--

CREATE TABLE `warehouse` (
  `warehouse_id` int(11) NOT NULL,
  `warehouse_address` char(255) NOT NULL DEFAULT '',
  `warehouse_city` char(50) NOT NULL DEFAULT '',
  `warehouse_province` char(50) NOT NULL DEFAULT '''''',
  `warehouse_country` char(50) NOT NULL DEFAULT '',
  `warehouse_post_code` char(10) NOT NULL DEFAULT '',
  `warehouse_phone` char(15) NOT NULL DEFAULT '',
  `warehouse_fax` char(15) NOT NULL DEFAULT '',
  `warehouse_description` text,
  `warehouse_longitude` float NOT NULL DEFAULT '0',
  `warehouse_latitude` float NOT NULL DEFAULT '0'
) ENGINE=InnoDB DEFAULT CHARSET=utf8;

--
-- Dumping data for table `warehouse`
--

INSERT INTO `warehouse` (`warehouse_id`, `warehouse_address`, `warehouse_city`, `warehouse_province`, `warehouse_country`, `warehouse_post_code`, `warehouse_phone`, `warehouse_fax`, `warehouse_description`, `warehouse_longitude`, `warehouse_latitude`) VALUES
(1, '41 Copperstone Crescent', 'Richmond Hill', 'ON', 'Canada', 'L4S 2C5', '6477734213', '', '', 1, 1),
(2, '854 Westport Crescent', 'Mississauga', 'ON', 'Canada', 'L5T 1N5', '9056708787', '', '', 0, 0);

-- --------------------------------------------------------

--
-- Table structure for table `warehouse_manager`
--

CREATE TABLE `warehouse_manager` (
  `warehouse_manager_id` int(11) NOT NULL,
  `warehouse_manager_warehouse_id` int(11) NOT NULL,
  `warehouse_manager_user_id` int(11) NOT NULL
) ENGINE=InnoDB DEFAULT CHARSET=latin1;

--
-- Dumping data for table `warehouse_manager`
--

INSERT INTO `warehouse_manager` (`warehouse_manager_id`, `warehouse_manager_warehouse_id`, `warehouse_manager_user_id`) VALUES
(1, 2, 3);

--
-- Indexes for dumped tables
--

--
-- Indexes for table `company`
--
ALTER TABLE `company`
  ADD PRIMARY KEY (`company_id`);

--
-- Indexes for table `company_location`
--
ALTER TABLE `company_location`
  ADD PRIMARY KEY (`company_location_id`),
  ADD KEY `company_location_company_idx` (`company_location_company_id`) USING BTREE;

--
-- Indexes for table `file`
--
ALTER TABLE `file`
  ADD PRIMARY KEY (`file_id`),
  ADD KEY `image_section_name_id` (`file_section_name`,`file_section_id`) USING BTREE;

--
-- Indexes for table `inventory`
--
ALTER TABLE `inventory`
  ADD PRIMARY KEY (`inventory_id`),
  ADD UNIQUE KEY `inventory_item_id` (`inventory_item_id`);

--
-- Indexes for table `inventory_log`
--
ALTER TABLE `inventory_log`
  ADD PRIMARY KEY (`inventory_log_id`),
  ADD KEY `inventory_log_operator_id` (`inventory_log_operator_id`),
  ADD KEY `inventory_log_deliver_id` (`inventory_log_deliver_id`),
  ADD KEY `inventory_log_warehouse_id` (`inventory_log_warehouse_id`);

--
-- Indexes for table `inventory_warehouse`
--
ALTER TABLE `inventory_warehouse`
  ADD PRIMARY KEY (`inventory_warehouse_id`),
  ADD KEY `inventory_map_warehouse_id` (`inventory_warehouse_warehouse_id`,`inventory_warehouse_item_id`),
  ADD KEY `inventory_map_item_id` (`inventory_warehouse_item_id`);

--
-- Indexes for table `inventory_warehouse_log`
--
ALTER TABLE `inventory_warehouse_log`
  ADD PRIMARY KEY (`inventory_warehouse_log_id`);

--
-- Indexes for table `item`
--
ALTER TABLE `item`
  ADD PRIMARY KEY (`item_id`),
  ADD UNIQUE KEY `item_sku` (`item_sku`),
  ADD KEY `item_category_id` (`item_item_category_id`),
  ADD KEY `item_style_id` (`item_item_style_id`);

--
-- Indexes for table `item_category`
--
ALTER TABLE `item_category`
  ADD PRIMARY KEY (`item_category_id`);

--
-- Indexes for table `item_style`
--
ALTER TABLE `item_style`
  ADD PRIMARY KEY (`item_style_id`);

--
-- Indexes for table `log_login`
--
ALTER TABLE `log_login`
  ADD PRIMARY KEY (`log_login_id`),
  ADD KEY `log_login_user_id` (`log_login_user_id`);

--
-- Indexes for table `register`
--
ALTER TABLE `register`
  ADD PRIMARY KEY (`register_id`);

--
-- Indexes for table `user`
--
ALTER TABLE `user`
  ADD PRIMARY KEY (`user_id`),
  ADD KEY `user_category_id_idx` (`user_user_category_id`),
  ADD KEY `user_company_location_idx` (`user_company_location_id`) USING BTREE;

--
-- Indexes for table `user_category`
--
ALTER TABLE `user_category`
  ADD PRIMARY KEY (`user_category_id`);

--
-- Indexes for table `warehouse`
--
ALTER TABLE `warehouse`
  ADD PRIMARY KEY (`warehouse_id`);

--
-- Indexes for table `warehouse_manager`
--
ALTER TABLE `warehouse_manager`
  ADD PRIMARY KEY (`warehouse_manager_id`),
  ADD KEY `warehouse_manager_warehouse_id` (`warehouse_manager_warehouse_id`),
  ADD KEY `warehouse_manager_user_id` (`warehouse_manager_user_id`);

--
-- AUTO_INCREMENT for dumped tables
--

--
-- AUTO_INCREMENT for table `company`
--
ALTER TABLE `company`
  MODIFY `company_id` int(11) NOT NULL AUTO_INCREMENT, AUTO_INCREMENT=2;

--
-- AUTO_INCREMENT for table `company_location`
--
ALTER TABLE `company_location`
  MODIFY `company_location_id` int(11) NOT NULL AUTO_INCREMENT, AUTO_INCREMENT=2;

--
-- AUTO_INCREMENT for table `file`
--
ALTER TABLE `file`
  MODIFY `file_id` int(11) UNSIGNED NOT NULL AUTO_INCREMENT;

--
-- AUTO_INCREMENT for table `inventory`
--
ALTER TABLE `inventory`
  MODIFY `inventory_id` int(11) NOT NULL AUTO_INCREMENT, AUTO_INCREMENT=10;

--
-- AUTO_INCREMENT for table `inventory_log`
--
ALTER TABLE `inventory_log`
  MODIFY `inventory_log_id` int(11) NOT NULL AUTO_INCREMENT, AUTO_INCREMENT=10;

--
-- AUTO_INCREMENT for table `inventory_warehouse`
--
ALTER TABLE `inventory_warehouse`
  MODIFY `inventory_warehouse_id` int(11) NOT NULL AUTO_INCREMENT, AUTO_INCREMENT=15;

--
-- AUTO_INCREMENT for table `inventory_warehouse_log`
--
ALTER TABLE `inventory_warehouse_log`
  MODIFY `inventory_warehouse_log_id` int(11) NOT NULL AUTO_INCREMENT, AUTO_INCREMENT=17;

--
-- AUTO_INCREMENT for table `item`
--
ALTER TABLE `item`
  MODIFY `item_id` int(11) NOT NULL AUTO_INCREMENT, AUTO_INCREMENT=1008;

--
-- AUTO_INCREMENT for table `item_category`
--
ALTER TABLE `item_category`
  MODIFY `item_category_id` int(11) NOT NULL AUTO_INCREMENT, AUTO_INCREMENT=32;

--
-- AUTO_INCREMENT for table `item_style`
--
ALTER TABLE `item_style`
  MODIFY `item_style_id` int(11) NOT NULL AUTO_INCREMENT, AUTO_INCREMENT=12;

--
-- AUTO_INCREMENT for table `log_login`
--
ALTER TABLE `log_login`
  MODIFY `log_login_id` int(11) NOT NULL AUTO_INCREMENT;

--
-- AUTO_INCREMENT for table `register`
--
ALTER TABLE `register`
  MODIFY `register_id` int(11) NOT NULL AUTO_INCREMENT, AUTO_INCREMENT=2;

--
-- AUTO_INCREMENT for table `user`
--
ALTER TABLE `user`
  MODIFY `user_id` int(11) NOT NULL AUTO_INCREMENT, AUTO_INCREMENT=5;

--
-- AUTO_INCREMENT for table `user_category`
--
ALTER TABLE `user_category`
  MODIFY `user_category_id` int(11) NOT NULL AUTO_INCREMENT, AUTO_INCREMENT=14;

--
-- AUTO_INCREMENT for table `warehouse`
--
ALTER TABLE `warehouse`
  MODIFY `warehouse_id` int(11) NOT NULL AUTO_INCREMENT, AUTO_INCREMENT=3;

--
-- AUTO_INCREMENT for table `warehouse_manager`
--
ALTER TABLE `warehouse_manager`
  MODIFY `warehouse_manager_id` int(11) NOT NULL AUTO_INCREMENT, AUTO_INCREMENT=2;

--
-- Constraints for dumped tables
--

--
-- Constraints for table `company_location`
--
ALTER TABLE `company_location`
  ADD CONSTRAINT `company_location_ibfk_1` FOREIGN KEY (`company_location_company_id`) REFERENCES `company` (`company_id`);

--
-- Constraints for table `inventory`
--
ALTER TABLE `inventory`
  ADD CONSTRAINT `inventory_ibfk_1` FOREIGN KEY (`inventory_item_id`) REFERENCES `item` (`item_id`) ON DELETE NO ACTION ON UPDATE NO ACTION;

--
-- Constraints for table `item`
--
ALTER TABLE `item`
  ADD CONSTRAINT `item_ibfk_1` FOREIGN KEY (`item_item_category_id`) REFERENCES `item_category` (`item_category_id`) ON DELETE NO ACTION ON UPDATE NO ACTION,
  ADD CONSTRAINT `item_ibfk_2` FOREIGN KEY (`item_item_style_id`) REFERENCES `item_style` (`item_style_id`) ON DELETE NO ACTION ON UPDATE NO ACTION;

--
-- Constraints for table `log_login`
--
ALTER TABLE `log_login`
  ADD CONSTRAINT `log_login_ibfk_1` FOREIGN KEY (`log_login_user_id`) REFERENCES `user` (`user_id`) ON DELETE NO ACTION ON UPDATE NO ACTION;

--
-- Constraints for table `user`
--
ALTER TABLE `user`
  ADD CONSTRAINT `user_category_id` FOREIGN KEY (`user_user_category_id`) REFERENCES `user_category` (`user_category_id`) ON DELETE NO ACTION ON UPDATE NO ACTION,
  ADD CONSTRAINT `user_store_id` FOREIGN KEY (`user_company_location_id`) REFERENCES `company_location` (`company_location_id`) ON DELETE NO ACTION ON UPDATE NO ACTION;
COMMIT;

/*!40101 SET CHARACTER_SET_CLIENT=@OLD_CHARACTER_SET_CLIENT */;
/*!40101 SET CHARACTER_SET_RESULTS=@OLD_CHARACTER_SET_RESULTS */;
/*!40101 SET COLLATION_CONNECTION=@OLD_COLLATION_CONNECTION */;
